date,acquisition_channel,campaign,spend_eur,impressions,clicks
2026-01-01,Instagram,ig_reels_beginner,31.45,5425,43
2026-01-01,Instagram,ig_story_discount,28.14,2537,31
2026-01-01,Instagram,ig_lookalike_students,34.12,2817,37
2026-01-01,TikTok,tt_viral_test,42.44,3300,46
2026-01-01,TikTok,tt_short_lessons,14.94,1327,23
2026-01-01,TikTok,tt_discount_challenge,45.19,8814,125
2026-01-01,YouTube,yt_pre_roll,12.12,1070,8
2026-01-01,YouTube,yt_teacher_expert,31.53,4071,36
2026-01-01,YouTube,yt_long_form,29.31,3149,24
2026-01-01,Google Ads,ga_brand,34.72,629,22
2026-01-01,Google Ads,ga_search_english_course,42.18,1066,38
2026-01-01,Google Ads,ga_competitor,41.82,791,28
2026-01-01,Telegram,tg_channel_post,17.16,2100,34
2026-01-01,Telegram,tg_community_native,18.91,2175,51
2026-01-01,Telegram,tg_webinar_invite,17.02,1303,32
2026-01-01,Partner Referral,partner_blog,12.84,1228,18
2026-01-01,Partner Referral,partner_hr_benefit,11.21,622,10
2026-01-01,Partner Referral,partner_creator,10.42,1071,11
2026-01-02,Instagram,ig_reels_beginner,32.5,3329,38
2026-01-02,Instagram,ig_story_discount,31.13,3422,40
2026-01-02,Instagram,ig_lookalike_students,33.71,3570,32
2026-01-02,TikTok,tt_viral_test,37.45,4177,58
2026-01-02,TikTok,tt_short_lessons,28.62,3320,54
2026-01-02,TikTok,tt_discount_challenge,40.25,3107,59
2026-01-02,YouTube,yt_pre_roll,24.07,3230,19
2026-01-02,YouTube,yt_teacher_expert,24.7,2561,20
2026-01-02,YouTube,yt_long_form,30.29,2652,25
2026-01-02,Google Ads,ga_brand,33.5,856,26
2026-01-02,Google Ads,ga_search_english_course,31.55,704,22
2026-01-02,Google Ads,ga_competitor,33.5,830,28
2026-01-02,Telegram,tg_channel_post,14.7,877,25
2026-01-02,Telegram,tg_community_native,12.8,1259,18
2026-01-02,Telegram,tg_webinar_invite,16.86,1626,30
2026-01-02,Partner Referral,partner_blog,8.4,1026,9
2026-01-02,Partner Referral,partner_hr_benefit,12.49,1396,21
2026-01-02,Partner Referral,partner_creator,15.02,1195,18
2026-01-03,Instagram,ig_reels_beginner,32.99,2052,27
2026-01-03,Instagram,ig_story_discount,19.51,2992,31
2026-01-03,Instagram,ig_lookalike_students,41.28,5187,68
2026-01-03,TikTok,tt_viral_test,30.08,4520,50
2026-01-03,TikTok,tt_short_lessons,32.36,3703,44
2026-01-03,TikTok,tt_discount_challenge,30.82,3554,51
2026-01-03,YouTube,yt_pre_roll,20.83,2679,21
2026-01-03,YouTube,yt_teacher_expert,50.88,4631,45
2026-01-03,YouTube,yt_long_form,42.61,4058,33
2026-01-03,Google Ads,ga_brand,39.58,990,22
2026-01-03,Google Ads,ga_search_english_course,34.91,718,27
2026-01-03,Google Ads,ga_competitor,37.45,538,20
2026-01-03,Telegram,tg_channel_post,17.6,1651,26
2026-01-03,Telegram,tg_community_native,16.49,1187,25
2026-01-03,Telegram,tg_webinar_invite,18.03,1109,31
2026-01-03,Partner Referral,partner_blog,11.7,1435,14
2026-01-03,Partner Referral,partner_hr_benefit,13.98,1564,21
2026-01-03,Partner Referral,partner_creator,16.21,1545,24
2026-01-04,Instagram,ig_reels_beginner,38.03,3433,44
2026-01-04,Instagram,ig_story_discount,27.9,2641,29
2026-01-04,Instagram,ig_lookalike_students,16.39,1284,17
2026-01-04,TikTok,tt_viral_test,48.93,3643,63
2026-01-04,TikTok,tt_short_lessons,44.74,5023,89
2026-01-04,TikTok,tt_discount_challenge,48.71,5439,62
2026-01-04,YouTube,yt_pre_roll,31.61,4218,23
2026-01-04,YouTube,yt_teacher_expert,24.74,2451,22
2026-01-04,YouTube,yt_long_form,37.63,3493,35
2026-01-04,Google Ads,ga_brand,43.94,3566,30
2026-01-04,Google Ads,ga_search_english_course,38.63,1109,23
2026-01-04,Google Ads,ga_competitor,23.49,322,12
2026-01-04,Telegram,tg_channel_post,16.99,1410,30
2026-01-04,Telegram,tg_community_native,11.39,887,20
2026-01-04,Telegram,tg_webinar_invite,14.39,2496,27
2026-01-04,Partner Referral,partner_blog,12.1,767,15
2026-01-04,Partner Referral,partner_hr_benefit,12.25,1332,16
2026-01-04,Partner Referral,partner_creator,11.11,905,16
2026-01-05,Instagram,ig_reels_beginner,34.82,3660,37
2026-01-05,Instagram,ig_story_discount,33.97,3117,40
2026-01-05,Instagram,ig_lookalike_students,14.92,1600,15
2026-01-05,TikTok,tt_viral_test,43.08,3923,61
2026-01-05,TikTok,tt_short_lessons,29.63,3827,58
2026-01-05,TikTok,tt_discount_challenge,35.91,2943,57
2026-01-05,YouTube,yt_pre_roll,37.33,3979,33
2026-01-05,YouTube,yt_teacher_expert,29.99,2183,19
2026-01-05,YouTube,yt_long_form,21.59,1990,18
2026-01-05,Google Ads,ga_brand,30.46,559,16
2026-01-05,Google Ads,ga_search_english_course,41.77,849,23
2026-01-05,Google Ads,ga_competitor,36.6,665,24
2026-01-05,Telegram,tg_channel_post,15.9,1473,28
2026-01-05,Telegram,tg_community_native,14.72,1277,23
2026-01-05,Telegram,tg_webinar_invite,10.02,763,21
2026-01-05,Partner Referral,partner_blog,8,639,10
2026-01-05,Partner Referral,partner_hr_benefit,13.46,1456,19
2026-01-05,Partner Referral,partner_creator,17.61,1762,22
2026-01-06,Instagram,ig_reels_beginner,23.97,2531,31
2026-01-06,Instagram,ig_story_discount,34.76,4286,44
2026-01-06,Instagram,ig_lookalike_students,23.8,2645,30
2026-01-06,TikTok,tt_viral_test,29.62,2463,42
2026-01-06,TikTok,tt_short_lessons,45.85,4948,75
2026-01-06,TikTok,tt_discount_challenge,23.19,2596,38
2026-01-06,YouTube,yt_pre_roll,38.96,4851,44
2026-01-06,YouTube,yt_teacher_expert,22.96,3257,22
2026-01-06,YouTube,yt_long_form,32.05,2245,23
2026-01-06,Google Ads,ga_brand,39.23,822,28
2026-01-06,Google Ads,ga_search_english_course,39.35,991,34
2026-01-06,Google Ads,ga_competitor,34.38,659,21
2026-01-06,Telegram,tg_channel_post,12.45,1895,24
2026-01-06,Telegram,tg_community_native,18.21,1314,34
2026-01-06,Telegram,tg_webinar_invite,13.71,1801,42
2026-01-06,Partner Referral,partner_blog,15.68,1717,24
2026-01-06,Partner Referral,partner_hr_benefit,8,639,11
2026-01-06,Partner Referral,partner_creator,11.3,1845,20
2026-01-07,Instagram,ig_reels_beginner,26.46,3276,36
2026-01-07,Instagram,ig_story_discount,30.84,8646,43
2026-01-07,Instagram,ig_lookalike_students,35.1,3393,42
2026-01-07,TikTok,tt_viral_test,40.63,6302,63
2026-01-07,TikTok,tt_short_lessons,22.0,1813,27
2026-01-07,TikTok,tt_discount_challenge,39.92,3966,69
2026-01-07,YouTube,yt_pre_roll,36.44,5312,43
2026-01-07,YouTube,yt_teacher_expert,29.09,2865,24
2026-01-07,YouTube,yt_long_form,29.24,3039,25
2026-01-07,Google Ads,ga_brand,28.92,1300,29
2026-01-07,Google Ads,ga_search_english_course,35.26,719,22
2026-01-07,Google Ads,ga_competitor,45.7,1541,41
2026-01-07,Telegram,tg_channel_post,13.55,1298,23
2026-01-07,Telegram,tg_community_native,23.7,2689,48
2026-01-07,Telegram,tg_webinar_invite,21.71,2109,39
2026-01-07,Partner Referral,partner_blog,10.56,1238,15
2026-01-07,Partner Referral,partner_hr_benefit,12.29,1405,17
2026-01-07,Partner Referral,partner_creator,11.01,793,11
2026-01-08,Instagram,ig_reels_beginner,33.39,4106,34
2026-01-08,Instagram,ig_story_discount,22.13,2052,25
2026-01-08,Instagram,ig_lookalike_students,35.82,3540,45
2026-01-08,TikTok,tt_viral_test,37.5,1921,43
2026-01-08,TikTok,tt_short_lessons,41.69,4889,88
2026-01-08,TikTok,tt_discount_challenge,33.31,2857,55
2026-01-08,YouTube,yt_pre_roll,35.81,3055,29
2026-01-08,YouTube,yt_teacher_expert,32.84,2398,29
2026-01-08,YouTube,yt_long_form,22.99,2527,24
2026-01-08,Google Ads,ga_brand,42.9,853,29
2026-01-08,Google Ads,ga_search_english_course,39.33,1146,34
2026-01-08,Google Ads,ga_competitor,35.23,817,20
2026-01-08,Telegram,tg_channel_post,11.95,666,18
2026-01-08,Telegram,tg_community_native,16.58,1157,21
2026-01-08,Telegram,tg_webinar_invite,17.75,2575,47
2026-01-08,Partner Referral,partner_blog,11.9,964,14
2026-01-08,Partner Referral,partner_hr_benefit,11.49,714,13
2026-01-08,Partner Referral,partner_creator,14.39,1156,16
2026-01-09,Instagram,ig_reels_beginner,23.56,4344,33
2026-01-09,Instagram,ig_story_discount,37.4,3605,49
2026-01-09,Instagram,ig_lookalike_students,22.13,1818,23
2026-01-09,TikTok,tt_viral_test,38.89,2872,51
2026-01-09,TikTok,tt_short_lessons,37.87,3380,62
2026-01-09,TikTok,tt_discount_challenge,39.91,4579,66
2026-01-09,YouTube,yt_pre_roll,26.67,1763,20
2026-01-09,YouTube,yt_teacher_expert,31.73,2841,25
2026-01-09,YouTube,yt_long_form,32.31,3134,28
2026-01-09,Google Ads,ga_brand,44.37,1400,36
2026-01-09,Google Ads,ga_search_english_course,34.94,556,22
2026-01-09,Google Ads,ga_competitor,33.73,459,17
2026-01-09,Telegram,tg_channel_post,14.47,1183,25
2026-01-09,Telegram,tg_community_native,17.36,1628,33
2026-01-09,Telegram,tg_webinar_invite,12.86,1059,24
2026-01-09,Partner Referral,partner_blog,13.79,1490,17
2026-01-09,Partner Referral,partner_hr_benefit,14.41,1869,23
2026-01-09,Partner Referral,partner_creator,13.29,895,15
2026-01-10,Instagram,ig_reels_beginner,27.75,3160,37
2026-01-10,Instagram,ig_story_discount,49.15,8328,84
2026-01-10,Instagram,ig_lookalike_students,36.97,2928,39
2026-01-10,TikTok,tt_viral_test,53.93,5648,86
2026-01-10,TikTok,tt_short_lessons,39.14,2964,72
2026-01-10,TikTok,tt_discount_challenge,38.16,4299,61
2026-01-10,YouTube,yt_pre_roll,30.0,6351,34
2026-01-10,YouTube,yt_teacher_expert,31.92,3166,27
2026-01-10,YouTube,yt_long_form,33.64,3291,34
2026-01-10,Google Ads,ga_brand,41.95,1247,34
2026-01-10,Google Ads,ga_search_english_course,35.56,541,20
2026-01-10,Google Ads,ga_competitor,44.05,1345,32
2026-01-10,Telegram,tg_channel_post,12.28,1305,29
2026-01-10,Telegram,tg_community_native,8,806,15
2026-01-10,Telegram,tg_webinar_invite,11.26,999,19
2026-01-10,Partner Referral,partner_blog,10.66,871,14
2026-01-10,Partner Referral,partner_hr_benefit,14.01,1020,15
2026-01-10,Partner Referral,partner_creator,14.21,1070,18
2026-01-11,Instagram,ig_reels_beginner,21.01,1393,20
2026-01-11,Instagram,ig_story_discount,32.92,2871,35
2026-01-11,Instagram,ig_lookalike_students,31.64,2728,32
2026-01-11,TikTok,tt_viral_test,41.93,4841,76
2026-01-11,TikTok,tt_short_lessons,33.37,5318,63
2026-01-11,TikTok,tt_discount_challenge,43.19,8825,76
2026-01-11,YouTube,yt_pre_roll,33.95,2984,34
2026-01-11,YouTube,yt_teacher_expert,15.39,1548,12
2026-01-11,YouTube,yt_long_form,27.33,2388,20
2026-01-11,Google Ads,ga_brand,36.12,925,25
2026-01-11,Google Ads,ga_search_english_course,42.76,1194,28
2026-01-11,Google Ads,ga_competitor,16.73,296,9
2026-01-11,Telegram,tg_channel_post,15.8,985,23
2026-01-11,Telegram,tg_community_native,17.48,1314,26
2026-01-11,Telegram,tg_webinar_invite,13.6,1316,23
2026-01-11,Partner Referral,partner_blog,14.12,1435,19
2026-01-11,Partner Referral,partner_hr_benefit,12.86,1060,13
2026-01-11,Partner Referral,partner_creator,11.02,946,14
2026-01-12,Instagram,ig_reels_beginner,39.69,4755,51
2026-01-12,Instagram,ig_story_discount,28.13,2140,33
2026-01-12,Instagram,ig_lookalike_students,34.74,2127,35
2026-01-12,TikTok,tt_viral_test,32.98,2610,51
2026-01-12,TikTok,tt_short_lessons,45.99,5769,90
2026-01-12,TikTok,tt_discount_challenge,35.93,2473,53
2026-01-12,YouTube,yt_pre_roll,24.63,4826,44
2026-01-12,YouTube,yt_teacher_expert,23.18,2214,22
2026-01-12,YouTube,yt_long_form,27.63,3891,25
2026-01-12,Google Ads,ga_brand,28.59,679,21
2026-01-12,Google Ads,ga_search_english_course,23.74,367,15
2026-01-12,Google Ads,ga_competitor,45.62,684,27
2026-01-12,Telegram,tg_channel_post,8.75,705,13
2026-01-12,Telegram,tg_community_native,12.87,749,20
2026-01-12,Telegram,tg_webinar_invite,13.62,1016,21
2026-01-12,Partner Referral,partner_blog,11.2,749,10
2026-01-12,Partner Referral,partner_hr_benefit,12.91,1162,16
2026-01-12,Partner Referral,partner_creator,14.68,1146,19
2026-01-13,Instagram,ig_reels_beginner,26.33,2445,29
2026-01-13,Instagram,ig_story_discount,29.01,4460,71
2026-01-13,Instagram,ig_lookalike_students,33.25,2207,35
2026-01-13,TikTok,tt_viral_test,39.85,3620,65
2026-01-13,TikTok,tt_short_lessons,46.57,5874,88
2026-01-13,TikTok,tt_discount_challenge,21.6,2289,37
2026-01-13,YouTube,yt_pre_roll,17.44,3120,14
2026-01-13,YouTube,yt_teacher_expert,20.45,2246,18
2026-01-13,YouTube,yt_long_form,29.82,4399,27
2026-01-13,Google Ads,ga_brand,28.98,724,20
2026-01-13,Google Ads,ga_search_english_course,23.34,493,13
2026-01-13,Google Ads,ga_competitor,43.88,1447,41
2026-01-13,Telegram,tg_channel_post,14.15,955,22
2026-01-13,Telegram,tg_community_native,13.03,993,24
2026-01-13,Telegram,tg_webinar_invite,18.07,1947,35
2026-01-13,Partner Referral,partner_blog,12.45,1120,17
2026-01-13,Partner Referral,partner_hr_benefit,9.63,888,13
2026-01-13,Partner Referral,partner_creator,8.43,504,9
2026-01-14,Instagram,ig_reels_beginner,35.58,2369,37
2026-01-14,Instagram,ig_story_discount,42.43,4385,47
2026-01-14,Instagram,ig_lookalike_students,33.48,2813,39
2026-01-14,TikTok,tt_viral_test,40.98,3596,67
2026-01-14,TikTok,tt_short_lessons,25.4,4838,51
2026-01-14,TikTok,tt_discount_challenge,21.88,2243,47
2026-01-14,YouTube,yt_pre_roll,28.79,2676,28
2026-01-14,YouTube,yt_teacher_expert,19.96,1999,22
2026-01-14,YouTube,yt_long_form,27.23,2809,27
2026-01-14,Google Ads,ga_brand,29.25,467,16
2026-01-14,Google Ads,ga_search_english_course,15.83,451,12
2026-01-14,Google Ads,ga_competitor,29.98,409,19
2026-01-14,Telegram,tg_channel_post,14.49,2032,47
2026-01-14,Telegram,tg_community_native,12.73,956,20
2026-01-14,Telegram,tg_webinar_invite,11.43,673,15
2026-01-14,Partner Referral,partner_blog,13.98,1310,18
2026-01-14,Partner Referral,partner_hr_benefit,15.48,1492,24
2026-01-14,Partner Referral,partner_creator,9.61,1433,14
2026-01-15,Instagram,ig_reels_beginner,19.98,2079,22
2026-01-15,Instagram,ig_story_discount,28.67,2530,31
2026-01-15,Instagram,ig_lookalike_students,22.35,1744,24
2026-01-15,TikTok,tt_viral_test,37.36,2236,61
2026-01-15,TikTok,tt_short_lessons,39.88,4468,81
2026-01-15,TikTok,tt_discount_challenge,35.75,4015,56
2026-01-15,YouTube,yt_pre_roll,31.77,3377,34
2026-01-15,YouTube,yt_teacher_expert,16.78,1348,17
2026-01-15,YouTube,yt_long_form,36.75,2235,22
2026-01-15,Google Ads,ga_brand,61.71,1180,48
2026-01-15,Google Ads,ga_search_english_course,36.02,662,19
2026-01-15,Google Ads,ga_competitor,36.84,688,29
2026-01-15,Telegram,tg_channel_post,11.71,1469,23
2026-01-15,Telegram,tg_community_native,16.51,1297,27
2026-01-15,Telegram,tg_webinar_invite,12.56,1088,31
2026-01-15,Partner Referral,partner_blog,11.36,712,14
2026-01-15,Partner Referral,partner_hr_benefit,11.82,1044,19
2026-01-15,Partner Referral,partner_creator,11.17,695,14
2026-01-16,Instagram,ig_reels_beginner,28.84,3720,36
2026-01-16,Instagram,ig_story_discount,35.35,2635,30
2026-01-16,Instagram,ig_lookalike_students,38.41,3737,47
2026-01-16,TikTok,tt_viral_test,35.47,5273,56
2026-01-16,TikTok,tt_short_lessons,25.43,3252,67
2026-01-16,TikTok,tt_discount_challenge,49.36,3119,73
2026-01-16,YouTube,yt_pre_roll,23.33,2060,23
2026-01-16,YouTube,yt_teacher_expert,28.7,2385,26
2026-01-16,YouTube,yt_long_form,28.3,4217,28
2026-01-16,Google Ads,ga_brand,39.45,1157,36
2026-01-16,Google Ads,ga_search_english_course,41.91,601,22
2026-01-16,Google Ads,ga_competitor,36.58,770,20
2026-01-16,Telegram,tg_channel_post,14.92,2590,38
2026-01-16,Telegram,tg_community_native,12.57,1626,36
2026-01-16,Telegram,tg_webinar_invite,15.97,1098,31
2026-01-16,Partner Referral,partner_blog,15.09,1190,21
2026-01-16,Partner Referral,partner_hr_benefit,15.95,1172,19
2026-01-16,Partner Referral,partner_creator,10.23,1423,15
2026-01-17,Instagram,ig_reels_beginner,42.91,4693,61
2026-01-17,Instagram,ig_story_discount,31.64,3018,44
2026-01-17,Instagram,ig_lookalike_students,48.63,7118,65
2026-01-17,TikTok,tt_viral_test,41.32,2431,53
2026-01-17,TikTok,tt_short_lessons,41.82,3990,59
2026-01-17,TikTok,tt_discount_challenge,37.92,2534,60
2026-01-17,YouTube,yt_pre_roll,33.33,2905,30
2026-01-17,YouTube,yt_teacher_expert,32.72,4804,37
2026-01-17,YouTube,yt_long_form,46.43,3842,44
2026-01-17,Google Ads,ga_brand,35.48,677,25
2026-01-17,Google Ads,ga_search_english_course,21.61,519,13
2026-01-17,Google Ads,ga_competitor,25.04,487,17
2026-01-17,Telegram,tg_channel_post,18.52,2477,35
2026-01-17,Telegram,tg_community_native,11.96,1120,21
2026-01-17,Telegram,tg_webinar_invite,10.21,1327,27
2026-01-17,Partner Referral,partner_blog,13.49,1810,17
2026-01-17,Partner Referral,partner_hr_benefit,12.9,1781,17
2026-01-17,Partner Referral,partner_creator,15.48,1569,20
2026-01-18,Instagram,ig_reels_beginner,19.55,2181,28
2026-01-18,Instagram,ig_story_discount,44.59,3944,59
2026-01-18,Instagram,ig_lookalike_students,32.09,2974,48
2026-01-18,TikTok,tt_viral_test,47.83,6073,82
2026-01-18,TikTok,tt_short_lessons,32.22,2880,47
2026-01-18,TikTok,tt_discount_challenge,52.32,3433,80
2026-01-18,YouTube,yt_pre_roll,27.48,2172,20
2026-01-18,YouTube,yt_teacher_expert,29.93,3469,32
2026-01-18,YouTube,yt_long_form,42.42,9407,76
2026-01-18,Google Ads,ga_brand,30.85,617,19
2026-01-18,Google Ads,ga_search_english_course,52.78,900,36
2026-01-18,Google Ads,ga_competitor,47.73,1637,58
2026-01-18,Telegram,tg_channel_post,21.18,1614,31
2026-01-18,Telegram,tg_community_native,13.36,1753,28
2026-01-18,Telegram,tg_webinar_invite,18.93,1537,34
2026-01-18,Partner Referral,partner_blog,15.0,1084,18
2026-01-18,Partner Referral,partner_hr_benefit,11.13,791,17
2026-01-18,Partner Referral,partner_creator,12.14,1165,20
2026-01-19,Instagram,ig_reels_beginner,21.22,1806,18
2026-01-19,Instagram,ig_story_discount,39.75,4560,47
2026-01-19,Instagram,ig_lookalike_students,31.59,4447,68
2026-01-19,TikTok,tt_viral_test,31.44,2822,55
2026-01-19,TikTok,tt_short_lessons,29.9,2794,46
2026-01-19,TikTok,tt_discount_challenge,30.31,1914,41
2026-01-19,YouTube,yt_pre_roll,33.0,2416,24
2026-01-19,YouTube,yt_teacher_expert,29.46,2394,24
2026-01-19,YouTube,yt_long_form,23.17,2122,20
2026-01-19,Google Ads,ga_brand,32.4,575,19
2026-01-19,Google Ads,ga_search_english_course,34.75,819,21
2026-01-19,Google Ads,ga_competitor,15.67,190,7
2026-01-19,Telegram,tg_channel_post,18.31,1599,31
2026-01-19,Telegram,tg_community_native,15.24,1404,32
2026-01-19,Telegram,tg_webinar_invite,20.4,2985,42
2026-01-19,Partner Referral,partner_blog,9.88,881,12
2026-01-19,Partner Referral,partner_hr_benefit,13.41,932,14
2026-01-19,Partner Referral,partner_creator,15.45,921,16
2026-01-20,Instagram,ig_reels_beginner,19.39,1612,21
2026-01-20,Instagram,ig_story_discount,17.62,1539,22
2026-01-20,Instagram,ig_lookalike_students,18.11,1342,17
2026-01-20,TikTok,tt_viral_test,40.67,3006,52
2026-01-20,TikTok,tt_short_lessons,30.32,3872,62
2026-01-20,TikTok,tt_discount_challenge,41.75,4252,88
2026-01-20,YouTube,yt_pre_roll,28.34,2800,25
2026-01-20,YouTube,yt_teacher_expert,34.32,3877,29
2026-01-20,YouTube,yt_long_form,26.72,3311,22
2026-01-20,Google Ads,ga_brand,47.53,1134,40
2026-01-20,Google Ads,ga_search_english_course,29.08,562,19
2026-01-20,Google Ads,ga_competitor,32.8,763,21
2026-01-20,Telegram,tg_channel_post,17.21,1019,27
2026-01-20,Telegram,tg_community_native,14.62,1521,29
2026-01-20,Telegram,tg_webinar_invite,15.39,1988,29
2026-01-20,Partner Referral,partner_blog,11.18,1057,13
2026-01-20,Partner Referral,partner_hr_benefit,8.96,636,10
2026-01-20,Partner Referral,partner_creator,10.38,744,10
2026-01-21,Instagram,ig_reels_beginner,26.12,2791,32
2026-01-21,Instagram,ig_story_discount,26.54,3337,37
2026-01-21,Instagram,ig_lookalike_students,29.25,2159,33
2026-01-21,TikTok,tt_viral_test,45.13,3021,58
2026-01-21,TikTok,tt_short_lessons,38.19,3783,62
2026-01-21,TikTok,tt_discount_challenge,16.82,1749,28
2026-01-21,YouTube,yt_pre_roll,36.09,3192,30
2026-01-21,YouTube,yt_teacher_expert,33.52,2659,25
2026-01-21,YouTube,yt_long_form,24.65,2231,22
2026-01-21,Google Ads,ga_brand,43.68,663,24
2026-01-21,Google Ads,ga_search_english_course,34.21,900,32
2026-01-21,Google Ads,ga_competitor,29.33,1139,26
2026-01-21,Telegram,tg_channel_post,14.89,1093,30
2026-01-21,Telegram,tg_community_native,12.22,1167,23
2026-01-21,Telegram,tg_webinar_invite,16.38,1779,33
2026-01-21,Partner Referral,partner_blog,11.85,1029,15
2026-01-21,Partner Referral,partner_hr_benefit,14.75,1017,18
2026-01-21,Partner Referral,partner_creator,9.63,1134,14
2026-01-22,Instagram,ig_reels_beginner,28.65,2020,28
2026-01-22,Instagram,ig_story_discount,31.81,4189,46
2026-01-22,Instagram,ig_lookalike_students,16.62,1586,21
2026-01-22,TikTok,tt_viral_test,20.21,1716,30
2026-01-22,TikTok,tt_short_lessons,38.32,3896,56
2026-01-22,TikTok,tt_discount_challenge,23.82,2212,38
2026-01-22,YouTube,yt_pre_roll,46.92,4767,33
2026-01-22,YouTube,yt_teacher_expert,32.21,2634,25
2026-01-22,YouTube,yt_long_form,22.72,2430,18
2026-01-22,Google Ads,ga_brand,39.84,1002,27
2026-01-22,Google Ads,ga_search_english_course,25.76,596,14
2026-01-22,Google Ads,ga_competitor,46.74,822,27
2026-01-22,Telegram,tg_channel_post,16.25,1358,33
2026-01-22,Telegram,tg_community_native,18.85,1616,21
2026-01-22,Telegram,tg_webinar_invite,16.63,1515,25
2026-01-22,Partner Referral,partner_blog,12.5,864,16
2026-01-22,Partner Referral,partner_hr_benefit,13.33,1920,19
2026-01-22,Partner Referral,partner_creator,13.35,1414,18
2026-01-23,Instagram,ig_reels_beginner,26.92,2144,26
2026-01-23,Instagram,ig_story_discount,27.85,2871,36
2026-01-23,Instagram,ig_lookalike_students,24.16,4841,33
2026-01-23,TikTok,tt_viral_test,41.88,4308,75
2026-01-23,TikTok,tt_short_lessons,22.44,1666,37
2026-01-23,TikTok,tt_discount_challenge,47.55,3300,69
2026-01-23,YouTube,yt_pre_roll,26.48,3645,33
2026-01-23,YouTube,yt_teacher_expert,23.53,2324,21
2026-01-23,YouTube,yt_long_form,30.76,3604,23
2026-01-23,Google Ads,ga_brand,23.39,390,13
2026-01-23,Google Ads,ga_search_english_course,37.75,909,33
2026-01-23,Google Ads,ga_competitor,40.39,1978,33
2026-01-23,Telegram,tg_channel_post,12.71,1660,21
2026-01-23,Telegram,tg_community_native,16.17,1570,25
2026-01-23,Telegram,tg_webinar_invite,17.69,1239,27
2026-01-23,Partner Referral,partner_blog,12.89,768,15
2026-01-23,Partner Referral,partner_hr_benefit,11.41,1262,12
2026-01-23,Partner Referral,partner_creator,17.28,1860,24
2026-01-24,Instagram,ig_reels_beginner,41.59,4522,67
2026-01-24,Instagram,ig_story_discount,39.74,3286,38
2026-01-24,Instagram,ig_lookalike_students,34.39,5701,39
2026-01-24,TikTok,tt_viral_test,50.06,4415,80
2026-01-24,TikTok,tt_short_lessons,27.34,3724,45
2026-01-24,TikTok,tt_discount_challenge,53.19,4036,78
2026-01-24,YouTube,yt_pre_roll,22.3,2133,19
2026-01-24,YouTube,yt_teacher_expert,30.21,3077,26
2026-01-24,YouTube,yt_long_form,33.71,3406,25
2026-01-24,Google Ads,ga_brand,37.48,877,30
2026-01-24,Google Ads,ga_search_english_course,36.02,1023,32
2026-01-24,Google Ads,ga_competitor,43.53,529,20
2026-01-24,Telegram,tg_channel_post,21.32,1484,31
2026-01-24,Telegram,tg_community_native,14.96,1364,27
2026-01-24,Telegram,tg_webinar_invite,18.3,1744,29
2026-01-24,Partner Referral,partner_blog,14.82,1194,18
2026-01-24,Partner Referral,partner_hr_benefit,10.44,1143,12
2026-01-24,Partner Referral,partner_creator,12.31,994,14
2026-01-25,Instagram,ig_reels_beginner,32.56,2292,42
2026-01-25,Instagram,ig_story_discount,45.81,2717,45
2026-01-25,Instagram,ig_lookalike_students,18.33,1576,20
2026-01-25,TikTok,tt_viral_test,32.0,4462,61
2026-01-25,TikTok,tt_short_lessons,31.73,4313,72
2026-01-25,TikTok,tt_discount_challenge,47.97,5448,88
2026-01-25,YouTube,yt_pre_roll,46.86,7791,70
2026-01-25,YouTube,yt_teacher_expert,27.09,3268,24
2026-01-25,YouTube,yt_long_form,24.55,2653,18
2026-01-25,Google Ads,ga_brand,30.38,768,22
2026-01-25,Google Ads,ga_search_english_course,38.25,544,22
2026-01-25,Google Ads,ga_competitor,49.96,888,33
2026-01-25,Telegram,tg_channel_post,20.41,1855,41
2026-01-25,Telegram,tg_community_native,13.83,1186,23
2026-01-25,Telegram,tg_webinar_invite,9.44,802,15
2026-01-25,Partner Referral,partner_blog,10.46,994,16
2026-01-25,Partner Referral,partner_hr_benefit,11.71,1408,22
2026-01-25,Partner Referral,partner_creator,8,802,13
2026-01-26,Instagram,ig_reels_beginner,29.42,4656,56
2026-01-26,Instagram,ig_story_discount,29.36,3539,41
2026-01-26,Instagram,ig_lookalike_students,31.27,6087,54
2026-01-26,TikTok,tt_viral_test,39.52,2844,54
2026-01-26,TikTok,tt_short_lessons,32.8,2477,41
2026-01-26,TikTok,tt_discount_challenge,36.33,2619,60
2026-01-26,YouTube,yt_pre_roll,24.06,2270,22
2026-01-26,YouTube,yt_teacher_expert,23.21,2333,23
2026-01-26,YouTube,yt_long_form,33.94,3242,29
2026-01-26,Google Ads,ga_brand,47.88,1465,42
2026-01-26,Google Ads,ga_search_english_course,34.85,802,23
2026-01-26,Google Ads,ga_competitor,44.68,720,27
2026-01-26,Telegram,tg_channel_post,13.75,1008,26
2026-01-26,Telegram,tg_community_native,18.38,1116,26
2026-01-26,Telegram,tg_webinar_invite,11.48,661,17
2026-01-26,Partner Referral,partner_blog,13.03,1198,20
2026-01-26,Partner Referral,partner_hr_benefit,8.41,623,11
2026-01-26,Partner Referral,partner_creator,11.6,893,15
2026-01-27,Instagram,ig_reels_beginner,30.56,2709,26
2026-01-27,Instagram,ig_story_discount,34.08,2270,37
2026-01-27,Instagram,ig_lookalike_students,20.26,2234,22
2026-01-27,TikTok,tt_viral_test,26.6,2382,42
2026-01-27,TikTok,tt_short_lessons,37.65,4312,96
2026-01-27,TikTok,tt_discount_challenge,49.44,3755,80
2026-01-27,YouTube,yt_pre_roll,35.47,3580,33
2026-01-27,YouTube,yt_teacher_expert,27.99,2953,23
2026-01-27,YouTube,yt_long_form,33.68,8140,43
2026-01-27,Google Ads,ga_brand,38.05,1147,38
2026-01-27,Google Ads,ga_search_english_course,49.23,1284,43
2026-01-27,Google Ads,ga_competitor,42.48,1082,29
2026-01-27,Telegram,tg_channel_post,17.49,1557,32
2026-01-27,Telegram,tg_community_native,12.35,1028,22
2026-01-27,Telegram,tg_webinar_invite,16.14,1360,26
2026-01-27,Partner Referral,partner_blog,12.0,2026,17
2026-01-27,Partner Referral,partner_hr_benefit,8.55,1321,21
2026-01-27,Partner Referral,partner_creator,10.94,1035,17
2026-01-28,Instagram,ig_reels_beginner,21.83,1953,25
2026-01-28,Instagram,ig_story_discount,24.35,1477,23
2026-01-28,Instagram,ig_lookalike_students,33.02,2226,32
2026-01-28,TikTok,tt_viral_test,33.67,2831,45
2026-01-28,TikTok,tt_short_lessons,28.76,3891,55
2026-01-28,TikTok,tt_discount_challenge,34.34,3450,64
2026-01-28,YouTube,yt_pre_roll,26.03,2776,21
2026-01-28,YouTube,yt_teacher_expert,29.88,2496,24
2026-01-28,YouTube,yt_long_form,34.73,2272,27
2026-01-28,Google Ads,ga_brand,39.57,1286,35
2026-01-28,Google Ads,ga_search_english_course,46.56,493,20
2026-01-28,Google Ads,ga_competitor,33.27,624,19
2026-01-28,Telegram,tg_channel_post,14.0,896,30
2026-01-28,Telegram,tg_community_native,14.45,1492,29
2026-01-28,Telegram,tg_webinar_invite,18.15,1624,38
2026-01-28,Partner Referral,partner_blog,11.92,735,17
2026-01-28,Partner Referral,partner_hr_benefit,11.18,1039,13
2026-01-28,Partner Referral,partner_creator,10.03,975,12
2026-01-29,Instagram,ig_reels_beginner,40.12,2561,37
2026-01-29,Instagram,ig_story_discount,29.2,3062,33
2026-01-29,Instagram,ig_lookalike_students,40.04,2861,36
2026-01-29,TikTok,tt_viral_test,34.53,2777,46
2026-01-29,TikTok,tt_short_lessons,32.65,3335,60
2026-01-29,TikTok,tt_discount_challenge,38.67,3187,65
2026-01-29,YouTube,yt_pre_roll,25.94,2047,22
2026-01-29,YouTube,yt_teacher_expert,34.81,3205,33
2026-01-29,YouTube,yt_long_form,29.87,2926,22
2026-01-29,Google Ads,ga_brand,25.74,523,14
2026-01-29,Google Ads,ga_search_english_course,42.76,1246,30
2026-01-29,Google Ads,ga_competitor,46.56,848,33
2026-01-29,Telegram,tg_channel_post,17.42,1392,36
2026-01-29,Telegram,tg_community_native,10.48,609,15
2026-01-29,Telegram,tg_webinar_invite,16.28,1787,23
2026-01-29,Partner Referral,partner_blog,11.93,1379,19
2026-01-29,Partner Referral,partner_hr_benefit,11.71,1139,16
2026-01-29,Partner Referral,partner_creator,12.3,1347,17
2026-01-30,Instagram,ig_reels_beginner,24.34,3410,33
2026-01-30,Instagram,ig_story_discount,29.45,2774,38
2026-01-30,Instagram,ig_lookalike_students,31.35,2931,39
2026-01-30,TikTok,tt_viral_test,34.6,3432,47
2026-01-30,TikTok,tt_short_lessons,38.65,2244,57
2026-01-30,TikTok,tt_discount_challenge,29.88,3516,61
2026-01-30,YouTube,yt_pre_roll,26.68,1909,23
2026-01-30,YouTube,yt_teacher_expert,22.99,3065,24
2026-01-30,YouTube,yt_long_form,35.85,3965,36
2026-01-30,Google Ads,ga_brand,34.54,813,26
2026-01-30,Google Ads,ga_search_english_course,36.17,1069,31
2026-01-30,Google Ads,ga_competitor,57.77,1186,40
2026-01-30,Telegram,tg_channel_post,17.04,1659,29
2026-01-30,Telegram,tg_community_native,9.61,1377,26
2026-01-30,Telegram,tg_webinar_invite,9.33,711,15
2026-01-30,Partner Referral,partner_blog,10.11,1567,13
2026-01-30,Partner Referral,partner_hr_benefit,12.38,1028,13
2026-01-30,Partner Referral,partner_creator,13.53,945,19
2026-01-31,Instagram,ig_reels_beginner,45.9,5672,61
2026-01-31,Instagram,ig_story_discount,33.35,2889,31
2026-01-31,Instagram,ig_lookalike_students,35.35,3369,46
2026-01-31,TikTok,tt_viral_test,50.3,4461,83
2026-01-31,TikTok,tt_short_lessons,42.21,2981,66
2026-01-31,TikTok,tt_discount_challenge,41.76,6339,98
2026-01-31,YouTube,yt_pre_roll,29.88,2913,26
2026-01-31,YouTube,yt_teacher_expert,25.26,3044,24
2026-01-31,YouTube,yt_long_form,34.38,3468,24
2026-01-31,Google Ads,ga_brand,54.58,2247,36
2026-01-31,Google Ads,ga_search_english_course,37.14,1094,31
2026-01-31,Google Ads,ga_competitor,47.75,737,30
2026-01-31,Telegram,tg_channel_post,19.07,3087,47
2026-01-31,Telegram,tg_community_native,16.38,1480,29
2026-01-31,Telegram,tg_webinar_invite,13.54,1196,21
2026-01-31,Partner Referral,partner_blog,14.33,772,17
2026-01-31,Partner Referral,partner_hr_benefit,11.96,1589,18
2026-01-31,Partner Referral,partner_creator,8.05,516,9
2026-02-01,Instagram,ig_reels_beginner,41.86,3923,54
2026-02-01,Instagram,ig_story_discount,31.04,2504,34
2026-02-01,Instagram,ig_lookalike_students,36.19,7405,81
2026-02-01,TikTok,tt_viral_test,49.52,4289,67
2026-02-01,TikTok,tt_short_lessons,40.04,4733,89
2026-02-01,TikTok,tt_discount_challenge,54.19,6884,141
2026-02-01,YouTube,yt_pre_roll,30.64,2576,27
2026-02-01,YouTube,yt_teacher_expert,37.11,3141,27
2026-02-01,YouTube,yt_long_form,39.08,5455,37
2026-02-01,Google Ads,ga_brand,33.7,737,20
2026-02-01,Google Ads,ga_search_english_course,36.07,1159,27
2026-02-01,Google Ads,ga_competitor,49.79,1089,30
2026-02-01,Telegram,tg_channel_post,23.49,2062,41
2026-02-01,Telegram,tg_community_native,19.84,1722,29
2026-02-01,Telegram,tg_webinar_invite,10.04,703,16
2026-02-01,Partner Referral,partner_blog,15.57,1479,21
2026-02-01,Partner Referral,partner_hr_benefit,10.89,1253,16
2026-02-01,Partner Referral,partner_creator,10.23,1125,18
2026-02-02,Instagram,ig_reels_beginner,39.52,4097,44
2026-02-02,Instagram,ig_story_discount,31.82,3778,39
2026-02-02,Instagram,ig_lookalike_students,25.14,1973,22
2026-02-02,TikTok,tt_viral_test,30.81,2251,46
2026-02-02,TikTok,tt_short_lessons,34.89,3731,56
2026-02-02,TikTok,tt_discount_challenge,34.25,2675,50
2026-02-02,YouTube,yt_pre_roll,27.45,2485,28
2026-02-02,YouTube,yt_teacher_expert,26.07,2291,21
2026-02-02,YouTube,yt_long_form,27.01,2683,31
2026-02-02,Google Ads,ga_brand,48.04,843,30
2026-02-02,Google Ads,ga_search_english_course,33.14,424,19
2026-02-02,Google Ads,ga_competitor,46.1,3211,81
2026-02-02,Telegram,tg_channel_post,19.8,1331,33
2026-02-02,Telegram,tg_community_native,13.96,939,24
2026-02-02,Telegram,tg_webinar_invite,16.15,1577,32
2026-02-02,Partner Referral,partner_blog,11.97,1436,18
2026-02-02,Partner Referral,partner_hr_benefit,13.88,805,14
2026-02-02,Partner Referral,partner_creator,12.64,1124,20
2026-02-03,Instagram,ig_reels_beginner,26.61,3284,36
2026-02-03,Instagram,ig_story_discount,21.77,2063,22
2026-02-03,Instagram,ig_lookalike_students,21.45,2442,25
2026-02-03,TikTok,tt_viral_test,31.66,2881,68
2026-02-03,TikTok,tt_short_lessons,31.42,2461,41
2026-02-03,TikTok,tt_discount_challenge,29.28,3804,61
2026-02-03,YouTube,yt_pre_roll,23.4,3073,20
2026-02-03,YouTube,yt_teacher_expert,38.18,4866,28
2026-02-03,YouTube,yt_long_form,20.21,1728,20
2026-02-03,Google Ads,ga_brand,35.21,461,19
2026-02-03,Google Ads,ga_search_english_course,43.9,696,32
2026-02-03,Google Ads,ga_competitor,31.41,674,17
2026-02-03,Telegram,tg_channel_post,12.62,1270,27
2026-02-03,Telegram,tg_community_native,13.72,1335,26
2026-02-03,Telegram,tg_webinar_invite,19.24,1383,31
2026-02-03,Partner Referral,partner_blog,13.65,1146,15
2026-02-03,Partner Referral,partner_hr_benefit,11.11,1006,17
2026-02-03,Partner Referral,partner_creator,12.31,1401,15
2026-02-04,Instagram,ig_reels_beginner,23.57,2439,26
2026-02-04,Instagram,ig_story_discount,26.41,1965,29
2026-02-04,Instagram,ig_lookalike_students,30.56,2893,39
2026-02-04,TikTok,tt_viral_test,35.09,4606,58
2026-02-04,TikTok,tt_short_lessons,37.32,2319,46
2026-02-04,TikTok,tt_discount_challenge,39.33,2609,46
2026-02-04,YouTube,yt_pre_roll,26.07,1882,18
2026-02-04,YouTube,yt_teacher_expert,32.02,3636,28
2026-02-04,YouTube,yt_long_form,21.48,2511,26
2026-02-04,Google Ads,ga_brand,40.92,608,25
2026-02-04,Google Ads,ga_search_english_course,48.36,2106,51
2026-02-04,Google Ads,ga_competitor,52.66,835,32
2026-02-04,Telegram,tg_channel_post,13.25,945,19
2026-02-04,Telegram,tg_community_native,12.41,1269,20
2026-02-04,Telegram,tg_webinar_invite,14.97,1016,24
2026-02-04,Partner Referral,partner_blog,10.66,760,13
2026-02-04,Partner Referral,partner_hr_benefit,14.92,2157,19
2026-02-04,Partner Referral,partner_creator,8.1,768,10
2026-02-05,Instagram,ig_reels_beginner,24.49,1443,20
2026-02-05,Instagram,ig_story_discount,29.27,3426,41
2026-02-05,Instagram,ig_lookalike_students,34.16,3074,38
2026-02-05,TikTok,tt_viral_test,25.46,4312,47
2026-02-05,TikTok,tt_short_lessons,29.15,2257,43
2026-02-05,TikTok,tt_discount_challenge,42.15,3968,65
2026-02-05,YouTube,yt_pre_roll,29.4,2769,26
2026-02-05,YouTube,yt_teacher_expert,30.62,3692,29
2026-02-05,YouTube,yt_long_form,32.17,2450,27
2026-02-05,Google Ads,ga_brand,46.46,952,32
2026-02-05,Google Ads,ga_search_english_course,24.08,580,23
2026-02-05,Google Ads,ga_competitor,43.46,1013,32
2026-02-05,Telegram,tg_channel_post,12.52,913,20
2026-02-05,Telegram,tg_community_native,13.2,810,20
2026-02-05,Telegram,tg_webinar_invite,12.02,1369,32
2026-02-05,Partner Referral,partner_blog,12.0,1204,16
2026-02-05,Partner Referral,partner_hr_benefit,9.09,631,10
2026-02-05,Partner Referral,partner_creator,10.07,896,14
2026-02-06,Instagram,ig_reels_beginner,30.89,5673,57
2026-02-06,Instagram,ig_story_discount,24.56,1629,19
2026-02-06,Instagram,ig_lookalike_students,27.56,3033,44
2026-02-06,TikTok,tt_viral_test,40.58,2775,51
2026-02-06,TikTok,tt_short_lessons,30.35,3899,76
2026-02-06,TikTok,tt_discount_challenge,38.85,5066,90
2026-02-06,YouTube,yt_pre_roll,26.95,2190,21
2026-02-06,YouTube,yt_teacher_expert,26.08,4231,25
2026-02-06,YouTube,yt_long_form,41.22,3877,35
2026-02-06,Google Ads,ga_brand,61.74,1128,43
2026-02-06,Google Ads,ga_search_english_course,50.1,1040,33
2026-02-06,Google Ads,ga_competitor,50.64,1299,34
2026-02-06,Telegram,tg_channel_post,16.78,2143,37
2026-02-06,Telegram,tg_community_native,19.22,1637,45
2026-02-06,Telegram,tg_webinar_invite,12.71,908,22
2026-02-06,Partner Referral,partner_blog,8,558,10
2026-02-06,Partner Referral,partner_hr_benefit,13.6,1247,23
2026-02-06,Partner Referral,partner_creator,10.91,646,11
2026-02-07,Instagram,ig_reels_beginner,42.04,5224,64
2026-02-07,Instagram,ig_story_discount,27.94,2762,26
2026-02-07,Instagram,ig_lookalike_students,54.48,4280,68
2026-02-07,TikTok,tt_viral_test,37.71,4380,72
2026-02-07,TikTok,tt_short_lessons,42.61,4940,73
2026-02-07,TikTok,tt_discount_challenge,48.29,3366,62
2026-02-07,YouTube,yt_pre_roll,29.52,1574,19
2026-02-07,YouTube,yt_teacher_expert,18.3,1909,20
2026-02-07,YouTube,yt_long_form,35.09,3725,34
2026-02-07,Google Ads,ga_brand,33.86,741,24
2026-02-07,Google Ads,ga_search_english_course,50.35,930,29
2026-02-07,Google Ads,ga_competitor,39.83,661,22
2026-02-07,Telegram,tg_channel_post,17.26,1310,33
2026-02-07,Telegram,tg_community_native,16.04,1211,29
2026-02-07,Telegram,tg_webinar_invite,15.18,1234,26
2026-02-07,Partner Referral,partner_blog,9.34,1052,15
2026-02-07,Partner Referral,partner_hr_benefit,10.8,804,11
2026-02-07,Partner Referral,partner_creator,8.62,1170,14
2026-02-08,Instagram,ig_reels_beginner,34.78,3046,35
2026-02-08,Instagram,ig_story_discount,20.04,2155,26
2026-02-08,Instagram,ig_lookalike_students,38.49,6042,51
2026-02-08,TikTok,tt_viral_test,38.47,4923,68
2026-02-08,TikTok,tt_short_lessons,38.28,3587,54
2026-02-08,TikTok,tt_discount_challenge,59.31,3710,89
2026-02-08,YouTube,yt_pre_roll,46.62,5847,58
2026-02-08,YouTube,yt_teacher_expert,14.48,1384,11
2026-02-08,YouTube,yt_long_form,38.66,3872,27
2026-02-08,Google Ads,ga_brand,44.79,904,25
2026-02-08,Google Ads,ga_search_english_course,31.18,889,21
2026-02-08,Google Ads,ga_competitor,35.21,615,22
2026-02-08,Telegram,tg_channel_post,17.54,1455,31
2026-02-08,Telegram,tg_community_native,17.52,1474,35
2026-02-08,Telegram,tg_webinar_invite,9.8,1058,15
2026-02-08,Partner Referral,partner_blog,11.21,916,13
2026-02-08,Partner Referral,partner_hr_benefit,9.33,699,11
2026-02-08,Partner Referral,partner_creator,12.05,820,15
2026-02-09,Instagram,ig_reels_beginner,27.74,2979,29
2026-02-09,Instagram,ig_story_discount,32.37,2432,33
2026-02-09,Instagram,ig_lookalike_students,27.46,1712,26
2026-02-09,TikTok,tt_viral_test,45.63,3750,73
2026-02-09,TikTok,tt_short_lessons,27.28,2427,40
2026-02-09,TikTok,tt_discount_challenge,24.42,4097,44
2026-02-09,YouTube,yt_pre_roll,35.3,2861,29
2026-02-09,YouTube,yt_teacher_expert,31.94,3042,22
2026-02-09,YouTube,yt_long_form,30.11,3535,28
2026-02-09,Google Ads,ga_brand,39.45,881,27
2026-02-09,Google Ads,ga_search_english_course,36.01,757,21
2026-02-09,Google Ads,ga_competitor,33.72,694,25
2026-02-09,Telegram,tg_channel_post,14.79,1611,34
2026-02-09,Telegram,tg_community_native,18.92,1165,34
2026-02-09,Telegram,tg_webinar_invite,16.15,2043,44
2026-02-09,Partner Referral,partner_blog,14.46,958,14
2026-02-09,Partner Referral,partner_hr_benefit,13.34,991,13
2026-02-09,Partner Referral,partner_creator,8.42,594,14
2026-02-10,Instagram,ig_reels_beginner,33.55,4559,45
2026-02-10,Instagram,ig_story_discount,33.7,2013,25
2026-02-10,Instagram,ig_lookalike_students,31.73,2547,39
2026-02-10,TikTok,tt_viral_test,33.45,2215,47
2026-02-10,TikTok,tt_short_lessons,40.02,4996,58
2026-02-10,TikTok,tt_discount_challenge,34.61,3458,64
2026-02-10,YouTube,yt_pre_roll,30.34,2181,26
2026-02-10,YouTube,yt_teacher_expert,15.67,2051,21
2026-02-10,YouTube,yt_long_form,31.26,2283,21
2026-02-10,Google Ads,ga_brand,48.37,1070,32
2026-02-10,Google Ads,ga_search_english_course,25.34,643,20
2026-02-10,Google Ads,ga_competitor,38.66,895,25
2026-02-10,Telegram,tg_channel_post,20.15,1981,34
2026-02-10,Telegram,tg_community_native,13.5,1101,21
2026-02-10,Telegram,tg_webinar_invite,13.79,1611,25
2026-02-10,Partner Referral,partner_blog,13.74,844,18
2026-02-10,Partner Referral,partner_hr_benefit,11.74,1109,16
2026-02-10,Partner Referral,partner_creator,14.77,1092,19
2026-02-11,Instagram,ig_reels_beginner,41.64,5962,73
2026-02-11,Instagram,ig_story_discount,28.4,3200,34
2026-02-11,Instagram,ig_lookalike_students,21.45,2130,24
2026-02-11,TikTok,tt_viral_test,26.39,2335,39
2026-02-11,TikTok,tt_short_lessons,40.74,5189,84
2026-02-11,TikTok,tt_discount_challenge,41.88,4719,67
2026-02-11,YouTube,yt_pre_roll,26.71,1904,22
2026-02-11,YouTube,yt_teacher_expert,33.53,5932,34
2026-02-11,YouTube,yt_long_form,26.47,3929,28
2026-02-11,Google Ads,ga_brand,43.96,886,29
2026-02-11,Google Ads,ga_search_english_course,49.09,747,33
2026-02-11,Google Ads,ga_competitor,32.17,708,18
2026-02-11,Telegram,tg_channel_post,24.47,1635,36
2026-02-11,Telegram,tg_community_native,17.71,2519,44
2026-02-11,Telegram,tg_webinar_invite,14.06,1335,30
2026-02-11,Partner Referral,partner_blog,13.7,937,16
2026-02-11,Partner Referral,partner_hr_benefit,12.09,860,14
2026-02-11,Partner Referral,partner_creator,13.43,1646,18
2026-02-12,Instagram,ig_reels_beginner,28.02,3845,45
2026-02-12,Instagram,ig_story_discount,28.14,2621,32
2026-02-12,Instagram,ig_lookalike_students,15.04,1363,20
2026-02-12,TikTok,tt_viral_test,45.69,3370,78
2026-02-12,TikTok,tt_short_lessons,17.82,1404,25
2026-02-12,TikTok,tt_discount_challenge,30.72,3264,40
2026-02-12,YouTube,yt_pre_roll,30.94,5625,48
2026-02-12,YouTube,yt_teacher_expert,33.14,5836,33
2026-02-12,YouTube,yt_long_form,32.83,3517,23
2026-02-12,Google Ads,ga_brand,25.98,403,17
2026-02-12,Google Ads,ga_search_english_course,42.31,994,42
2026-02-12,Google Ads,ga_competitor,27.9,496,18
2026-02-12,Telegram,tg_channel_post,16.99,1462,25
2026-02-12,Telegram,tg_community_native,15.55,1432,34
2026-02-12,Telegram,tg_webinar_invite,16.7,1279,30
2026-02-12,Partner Referral,partner_blog,17.21,1589,26
2026-02-12,Partner Referral,partner_hr_benefit,11.24,817,12
2026-02-12,Partner Referral,partner_creator,10.55,654,11
2026-02-13,Instagram,ig_reels_beginner,37.3,2176,36
2026-02-13,Instagram,ig_story_discount,28.79,3361,25
2026-02-13,Instagram,ig_lookalike_students,39.58,5564,49
2026-02-13,TikTok,tt_viral_test,35.19,2189,45
2026-02-13,TikTok,tt_short_lessons,49.68,3058,79
2026-02-13,TikTok,tt_discount_challenge,53.32,3835,77
2026-02-13,YouTube,yt_pre_roll,24.44,2265,20
2026-02-13,YouTube,yt_teacher_expert,25.83,1820,19
2026-02-13,YouTube,yt_long_form,26.13,3073,23
2026-02-13,Google Ads,ga_brand,36.13,645,27
2026-02-13,Google Ads,ga_search_english_course,33.68,465,16
2026-02-13,Google Ads,ga_competitor,53.89,1478,36
2026-02-13,Telegram,tg_channel_post,10.41,1137,20
2026-02-13,Telegram,tg_community_native,19.45,804,33
2026-02-13,Telegram,tg_webinar_invite,10.74,2438,33
2026-02-13,Partner Referral,partner_blog,9.87,1110,13
2026-02-13,Partner Referral,partner_hr_benefit,14.75,987,18
2026-02-13,Partner Referral,partner_creator,9.31,785,13
2026-02-14,Instagram,ig_reels_beginner,38.53,3909,47
2026-02-14,Instagram,ig_story_discount,22.27,2288,27
2026-02-14,Instagram,ig_lookalike_students,46.99,6168,58
2026-02-14,TikTok,tt_viral_test,48.88,6470,100
2026-02-14,TikTok,tt_short_lessons,37.34,3161,71
2026-02-14,TikTok,tt_discount_challenge,43.58,3838,86
2026-02-14,YouTube,yt_pre_roll,39.1,2247,23
2026-02-14,YouTube,yt_teacher_expert,23.49,2316,22
2026-02-14,YouTube,yt_long_form,28.32,2345,20
2026-02-14,Google Ads,ga_brand,35.89,520,20
2026-02-14,Google Ads,ga_search_english_course,42.72,815,32
2026-02-14,Google Ads,ga_competitor,39.56,1011,23
2026-02-14,Telegram,tg_channel_post,15.38,1165,28
2026-02-14,Telegram,tg_community_native,15.72,1441,30
2026-02-14,Telegram,tg_webinar_invite,11.27,1705,26
2026-02-14,Partner Referral,partner_blog,13.69,1697,17
2026-02-14,Partner Referral,partner_hr_benefit,13.37,889,18
2026-02-14,Partner Referral,partner_creator,12.72,1430,15
2026-02-15,Instagram,ig_reels_beginner,20.12,2774,28
2026-02-15,Instagram,ig_story_discount,33.94,2989,40
2026-02-15,Instagram,ig_lookalike_students,31.76,3917,45
2026-02-15,TikTok,tt_viral_test,30.76,3243,38
2026-02-15,TikTok,tt_short_lessons,46.44,2935,64
2026-02-15,TikTok,tt_discount_challenge,46.0,3200,80
2026-02-15,YouTube,yt_pre_roll,35.32,5258,38
2026-02-15,YouTube,yt_teacher_expert,35.3,3753,40
2026-02-15,YouTube,yt_long_form,40.76,3386,32
2026-02-15,Google Ads,ga_brand,43.47,814,26
2026-02-15,Google Ads,ga_search_english_course,31.92,533,21
2026-02-15,Google Ads,ga_competitor,27.65,481,18
2026-02-15,Telegram,tg_channel_post,16.26,1060,27
2026-02-15,Telegram,tg_community_native,23.24,2636,76
2026-02-15,Telegram,tg_webinar_invite,15.35,1027,24
2026-02-15,Partner Referral,partner_blog,9.56,768,11
2026-02-15,Partner Referral,partner_hr_benefit,14.43,821,14
2026-02-15,Partner Referral,partner_creator,11.13,648,10
2026-02-16,Instagram,ig_reels_beginner,31.39,14045,112
2026-02-16,Instagram,ig_story_discount,32.74,2429,39
2026-02-16,Instagram,ig_lookalike_students,29.48,2695,39
2026-02-16,TikTok,tt_viral_test,41.69,3210,63
2026-02-16,TikTok,tt_short_lessons,23.66,2090,35
2026-02-16,TikTok,tt_discount_challenge,39.74,4209,66
2026-02-16,YouTube,yt_pre_roll,28.85,3527,34
2026-02-16,YouTube,yt_teacher_expert,28.1,4028,23
2026-02-16,YouTube,yt_long_form,32.91,3196,34
2026-02-16,Google Ads,ga_brand,35.87,727,22
2026-02-16,Google Ads,ga_search_english_course,33.64,650,23
2026-02-16,Google Ads,ga_competitor,39.79,1039,32
2026-02-16,Telegram,tg_channel_post,10.39,701,15
2026-02-16,Telegram,tg_community_native,12.63,712,19
2026-02-16,Telegram,tg_webinar_invite,16.42,1669,33
2026-02-16,Partner Referral,partner_blog,10.2,1003,13
2026-02-16,Partner Referral,partner_hr_benefit,16.23,1442,20
2026-02-16,Partner Referral,partner_creator,8,973,10
2026-02-17,Instagram,ig_reels_beginner,37.8,3778,41
2026-02-17,Instagram,ig_story_discount,28.16,1664,29
2026-02-17,Instagram,ig_lookalike_students,40.63,3238,44
2026-02-17,TikTok,tt_viral_test,37.04,2368,57
2026-02-17,TikTok,tt_short_lessons,31.99,5769,67
2026-02-17,TikTok,tt_discount_challenge,33.24,2447,51
2026-02-17,YouTube,yt_pre_roll,19.79,1431,15
2026-02-17,YouTube,yt_teacher_expert,31.25,3918,36
2026-02-17,YouTube,yt_long_form,32.69,3384,31
2026-02-17,Google Ads,ga_brand,43.99,1377,42
2026-02-17,Google Ads,ga_search_english_course,29.68,844,26
2026-02-17,Google Ads,ga_competitor,36.01,680,20
2026-02-17,Telegram,tg_channel_post,14.55,931,25
2026-02-17,Telegram,tg_community_native,14.34,973,28
2026-02-17,Telegram,tg_webinar_invite,13.26,947,21
2026-02-17,Partner Referral,partner_blog,10.42,875,16
2026-02-17,Partner Referral,partner_hr_benefit,9.9,947,13
2026-02-17,Partner Referral,partner_creator,10.63,796,14
2026-02-18,Instagram,ig_reels_beginner,27.87,4942,43
2026-02-18,Instagram,ig_story_discount,32.93,2624,31
2026-02-18,Instagram,ig_lookalike_students,23.8,2138,28
2026-02-18,TikTok,tt_viral_test,49.11,2167,57
2026-02-18,TikTok,tt_short_lessons,39.98,2153,49
2026-02-18,TikTok,tt_discount_challenge,39.26,5210,77
2026-02-18,YouTube,yt_pre_roll,36.36,4905,38
2026-02-18,YouTube,yt_teacher_expert,27.84,1968,23
2026-02-18,YouTube,yt_long_form,32.04,3707,28
2026-02-18,Google Ads,ga_brand,35.26,1135,31
2026-02-18,Google Ads,ga_search_english_course,55.33,1213,41
2026-02-18,Google Ads,ga_competitor,26.92,627,18
2026-02-18,Telegram,tg_channel_post,18.52,1273,33
2026-02-18,Telegram,tg_community_native,11.24,1343,27
2026-02-18,Telegram,tg_webinar_invite,15.37,3936,34
2026-02-18,Partner Referral,partner_blog,13.72,1454,22
2026-02-18,Partner Referral,partner_hr_benefit,14.99,2216,26
2026-02-18,Partner Referral,partner_creator,10.2,689,13
2026-02-19,Instagram,ig_reels_beginner,24.25,1903,23
2026-02-19,Instagram,ig_story_discount,29.82,3323,39
2026-02-19,Instagram,ig_lookalike_students,34.5,2709,34
2026-02-19,TikTok,tt_viral_test,39.95,3412,78
2026-02-19,TikTok,tt_short_lessons,37.27,2815,47
2026-02-19,TikTok,tt_discount_challenge,46.77,3714,66
2026-02-19,YouTube,yt_pre_roll,21.49,2235,23
2026-02-19,YouTube,yt_teacher_expert,25.77,1873,21
2026-02-19,YouTube,yt_long_form,23.93,2314,17
2026-02-19,Google Ads,ga_brand,44.8,1232,33
2026-02-19,Google Ads,ga_search_english_course,42.72,921,28
2026-02-19,Google Ads,ga_competitor,40.13,522,22
2026-02-19,Telegram,tg_channel_post,16.85,1324,30
2026-02-19,Telegram,tg_community_native,11.53,703,19
2026-02-19,Telegram,tg_webinar_invite,15.97,902,22
2026-02-19,Partner Referral,partner_blog,15.31,1800,22
2026-02-19,Partner Referral,partner_hr_benefit,10.76,1211,21
2026-02-19,Partner Referral,partner_creator,15.31,1136,21
2026-02-20,Instagram,ig_reels_beginner,29.49,2067,30
2026-02-20,Instagram,ig_story_discount,29.11,3060,45
2026-02-20,Instagram,ig_lookalike_students,28.49,2263,34
2026-02-20,TikTok,tt_viral_test,37.33,3966,81
2026-02-20,TikTok,tt_short_lessons,34.76,3977,79
2026-02-20,TikTok,tt_discount_challenge,52.07,3746,77
2026-02-20,YouTube,yt_pre_roll,34.36,3600,34
2026-02-20,YouTube,yt_teacher_expert,15.42,1842,15
2026-02-20,YouTube,yt_long_form,22.58,3054,19
2026-02-20,Google Ads,ga_brand,55.8,608,26
2026-02-20,Google Ads,ga_search_english_course,44.31,1388,43
2026-02-20,Google Ads,ga_competitor,38.73,748,26
2026-02-20,Telegram,tg_channel_post,8.69,595,13
2026-02-20,Telegram,tg_community_native,10.22,906,26
2026-02-20,Telegram,tg_webinar_invite,17.11,1329,28
2026-02-20,Partner Referral,partner_blog,8,920,11
2026-02-20,Partner Referral,partner_hr_benefit,16.4,1544,23
2026-02-20,Partner Referral,partner_creator,14.66,758,17
2026-02-21,Instagram,ig_reels_beginner,35.33,3031,34
2026-02-21,Instagram,ig_story_discount,33.71,5299,37
2026-02-21,Instagram,ig_lookalike_students,33.54,3424,43
2026-02-21,TikTok,tt_viral_test,41.37,3417,73
2026-02-21,TikTok,tt_short_lessons,45.63,3873,76
2026-02-21,TikTok,tt_discount_challenge,52.99,4809,69
2026-02-21,YouTube,yt_pre_roll,23.59,1730,19
2026-02-21,YouTube,yt_teacher_expert,28.4,2283,25
2026-02-21,YouTube,yt_long_form,32.74,2129,26
2026-02-21,Google Ads,ga_brand,44.38,1267,40
2026-02-21,Google Ads,ga_search_english_course,31.18,657,21
2026-02-21,Google Ads,ga_competitor,36.97,630,25
2026-02-21,Telegram,tg_channel_post,11.01,1133,22
2026-02-21,Telegram,tg_community_native,12.63,1787,20
2026-02-21,Telegram,tg_webinar_invite,18.86,1355,25
2026-02-21,Partner Referral,partner_blog,16.66,1399,25
2026-02-21,Partner Referral,partner_hr_benefit,10.34,727,14
2026-02-21,Partner Referral,partner_creator,14.75,1712,21
2026-02-22,Instagram,ig_reels_beginner,38.46,3745,55
2026-02-22,Instagram,ig_story_discount,38.08,3016,38
2026-02-22,Instagram,ig_lookalike_students,30.58,2429,29
2026-02-22,TikTok,tt_viral_test,42.4,3103,75
2026-02-22,TikTok,tt_short_lessons,44.4,4203,60
2026-02-22,TikTok,tt_discount_challenge,45.88,5655,75
2026-02-22,YouTube,yt_pre_roll,24.42,4016,32
2026-02-22,YouTube,yt_teacher_expert,34.65,2775,28
2026-02-22,YouTube,yt_long_form,37.84,5172,34
2026-02-22,Google Ads,ga_brand,34.0,1785,27
2026-02-22,Google Ads,ga_search_english_course,31.44,1322,23
2026-02-22,Google Ads,ga_competitor,39.66,619,22
2026-02-22,Telegram,tg_channel_post,14.38,1226,27
2026-02-22,Telegram,tg_community_native,13.51,1358,28
2026-02-22,Telegram,tg_webinar_invite,15.36,1712,25
2026-02-22,Partner Referral,partner_blog,10.56,941,14
2026-02-22,Partner Referral,partner_hr_benefit,12.89,1402,21
2026-02-22,Partner Referral,partner_creator,11.73,1027,14
2026-02-23,Instagram,ig_reels_beginner,23.14,1536,20
2026-02-23,Instagram,ig_story_discount,37.48,2262,34
2026-02-23,Instagram,ig_lookalike_students,34.13,3425,39
2026-02-23,TikTok,tt_viral_test,43.92,6457,129
2026-02-23,TikTok,tt_short_lessons,43.2,2666,63
2026-02-23,TikTok,tt_discount_challenge,41.19,4129,69
2026-02-23,YouTube,yt_pre_roll,26.07,2383,19
2026-02-23,YouTube,yt_teacher_expert,26.42,2953,32
2026-02-23,YouTube,yt_long_form,19.38,1669,13
2026-02-23,Google Ads,ga_brand,49.88,1714,39
2026-02-23,Google Ads,ga_search_english_course,26.11,879,22
2026-02-23,Google Ads,ga_competitor,34.99,565,20
2026-02-23,Telegram,tg_channel_post,14.29,1247,27
2026-02-23,Telegram,tg_community_native,15.02,1050,32
2026-02-23,Telegram,tg_webinar_invite,13.18,993,25
2026-02-23,Partner Referral,partner_blog,15.83,1213,17
2026-02-23,Partner Referral,partner_hr_benefit,10.7,1134,20
2026-02-23,Partner Referral,partner_creator,10.7,1493,23
2026-02-24,Instagram,ig_reels_beginner,35.56,2676,37
2026-02-24,Instagram,ig_story_discount,37.26,3164,42
2026-02-24,Instagram,ig_lookalike_students,30.42,4937,41
2026-02-24,TikTok,tt_viral_test,53.11,3164,63
2026-02-24,TikTok,tt_short_lessons,45.99,5172,99
2026-02-24,TikTok,tt_discount_challenge,37.34,2965,53
2026-02-24,YouTube,yt_pre_roll,30.03,2568,28
2026-02-24,YouTube,yt_teacher_expert,25.18,3079,27
2026-02-24,YouTube,yt_long_form,32.18,3437,25
2026-02-24,Google Ads,ga_brand,37.78,551,21
2026-02-24,Google Ads,ga_search_english_course,59.78,1427,59
2026-02-24,Google Ads,ga_competitor,31.28,963,21
2026-02-24,Telegram,tg_channel_post,10.66,1051,28
2026-02-24,Telegram,tg_community_native,14.85,1804,22
2026-02-24,Telegram,tg_webinar_invite,11.54,837,19
2026-02-24,Partner Referral,partner_blog,12.35,1157,17
2026-02-24,Partner Referral,partner_hr_benefit,9.67,806,15
2026-02-24,Partner Referral,partner_creator,9.41,546,10
2026-02-25,Instagram,ig_reels_beginner,27.08,3493,35
2026-02-25,Instagram,ig_story_discount,18.51,1682,19
2026-02-25,Instagram,ig_lookalike_students,32.57,2353,33
2026-02-25,TikTok,tt_viral_test,29.87,3687,67
2026-02-25,TikTok,tt_short_lessons,42.29,3098,59
2026-02-25,TikTok,tt_discount_challenge,39.9,2933,68
2026-02-25,YouTube,yt_pre_roll,21.92,2900,23
2026-02-25,YouTube,yt_teacher_expert,19.38,1456,13
2026-02-25,YouTube,yt_long_form,35.62,5561,46
2026-02-25,Google Ads,ga_brand,28.05,787,23
2026-02-25,Google Ads,ga_search_english_course,18.04,495,14
2026-02-25,Google Ads,ga_competitor,46.25,856,29
2026-02-25,Telegram,tg_channel_post,17.2,1816,30
2026-02-25,Telegram,tg_community_native,16.87,1485,34
2026-02-25,Telegram,tg_webinar_invite,19.02,1424,29
2026-02-25,Partner Referral,partner_blog,11.52,737,15
2026-02-25,Partner Referral,partner_hr_benefit,11.04,1010,14
2026-02-25,Partner Referral,partner_creator,11.41,1945,21
2026-02-26,Instagram,ig_reels_beginner,29.5,2516,26
2026-02-26,Instagram,ig_story_discount,28.45,3007,39
2026-02-26,Instagram,ig_lookalike_students,27.44,1597,23
2026-02-26,TikTok,tt_viral_test,38.2,5880,85
2026-02-26,TikTok,tt_short_lessons,35.73,4571,86
2026-02-26,TikTok,tt_discount_challenge,35.54,3811,50
2026-02-26,YouTube,yt_pre_roll,22.85,2750,19
2026-02-26,YouTube,yt_teacher_expert,31.62,4811,32
2026-02-26,YouTube,yt_long_form,33.29,4220,33
2026-02-26,Google Ads,ga_brand,31.63,346,16
2026-02-26,Google Ads,ga_search_english_course,44.31,930,29
2026-02-26,Google Ads,ga_competitor,38.93,1141,31
2026-02-26,Telegram,tg_channel_post,18.04,1766,41
2026-02-26,Telegram,tg_community_native,13.86,1323,21
2026-02-26,Telegram,tg_webinar_invite,13.1,1483,26
2026-02-26,Partner Referral,partner_blog,13.09,819,14
2026-02-26,Partner Referral,partner_hr_benefit,11.23,1342,14
2026-02-26,Partner Referral,partner_creator,14.87,1204,20
2026-02-27,Instagram,ig_reels_beginner,36.63,4384,44
2026-02-27,Instagram,ig_story_discount,31.05,5635,40
2026-02-27,Instagram,ig_lookalike_students,23.87,1353,20
2026-02-27,TikTok,tt_viral_test,47.22,4860,79
2026-02-27,TikTok,tt_short_lessons,43.73,5252,122
2026-02-27,TikTok,tt_discount_challenge,43.57,4133,91
2026-02-27,YouTube,yt_pre_roll,21.88,2179,20
2026-02-27,YouTube,yt_teacher_expert,23.01,2726,24
2026-02-27,YouTube,yt_long_form,40.21,6093,42
2026-02-27,Google Ads,ga_brand,33.04,821,21
2026-02-27,Google Ads,ga_search_english_course,37.34,917,27
2026-02-27,Google Ads,ga_competitor,43.76,1183,38
2026-02-27,Telegram,tg_channel_post,14.6,1093,27
2026-02-27,Telegram,tg_community_native,16.21,1185,20
2026-02-27,Telegram,tg_webinar_invite,16.42,1025,23
2026-02-27,Partner Referral,partner_blog,12.83,950,16
2026-02-27,Partner Referral,partner_hr_benefit,14.46,1042,15
2026-02-27,Partner Referral,partner_creator,12.1,1533,22
2026-02-28,Instagram,ig_reels_beginner,24.06,3617,29
2026-02-28,Instagram,ig_story_discount,25.32,2593,32
2026-02-28,Instagram,ig_lookalike_students,36.99,3653,44
2026-02-28,TikTok,tt_viral_test,40.98,3599,81
2026-02-28,TikTok,tt_short_lessons,43.03,2708,62
2026-02-28,TikTok,tt_discount_challenge,49.9,5488,97
2026-02-28,YouTube,yt_pre_roll,27.09,1923,22
2026-02-28,YouTube,yt_teacher_expert,30.13,2801,28
2026-02-28,YouTube,yt_long_form,39.39,3240,29
2026-02-28,Google Ads,ga_brand,39.02,709,24
2026-02-28,Google Ads,ga_search_english_course,45.04,1080,34
2026-02-28,Google Ads,ga_competitor,54.51,1877,39
2026-02-28,Telegram,tg_channel_post,14.13,907,20
2026-02-28,Telegram,tg_community_native,12.44,703,16
2026-02-28,Telegram,tg_webinar_invite,18.4,1627,36
2026-02-28,Partner Referral,partner_blog,15.56,1525,20
2026-02-28,Partner Referral,partner_hr_benefit,13.25,1232,21
2026-02-28,Partner Referral,partner_creator,8.7,1091,15
2026-03-01,Instagram,ig_reels_beginner,30.27,2081,27
2026-03-01,Instagram,ig_story_discount,36.64,3412,39
2026-03-01,Instagram,ig_lookalike_students,41.88,2670,44
2026-03-01,TikTok,tt_viral_test,35.36,3102,48
2026-03-01,TikTok,tt_short_lessons,28.67,1893,46
2026-03-01,TikTok,tt_discount_challenge,38.01,3904,67
2026-03-01,YouTube,yt_pre_roll,25.39,1902,15
2026-03-01,YouTube,yt_teacher_expert,39.23,5655,34
2026-03-01,YouTube,yt_long_form,27.98,3021,24
2026-03-01,Google Ads,ga_brand,49.05,1162,39
2026-03-01,Google Ads,ga_search_english_course,47.63,969,34
2026-03-01,Google Ads,ga_competitor,44.38,1291,32
2026-03-01,Telegram,tg_channel_post,16.75,1482,31
2026-03-01,Telegram,tg_community_native,8,689,13
2026-03-01,Telegram,tg_webinar_invite,12.96,763,18
2026-03-01,Partner Referral,partner_blog,13.3,1125,18
2026-03-01,Partner Referral,partner_hr_benefit,8.6,757,10
2026-03-01,Partner Referral,partner_creator,11.09,924,14
2026-03-02,Instagram,ig_reels_beginner,30.02,2403,30
2026-03-02,Instagram,ig_story_discount,40.69,2264,40
2026-03-02,Instagram,ig_lookalike_students,40.54,3380,32
2026-03-02,TikTok,tt_viral_test,39.95,3576,73
2026-03-02,TikTok,tt_short_lessons,40.73,4582,64
2026-03-02,TikTok,tt_discount_challenge,33.98,2693,62
2026-03-02,YouTube,yt_pre_roll,25.8,2646,23
2026-03-02,YouTube,yt_teacher_expert,26.52,2931,27
2026-03-02,YouTube,yt_long_form,23.67,3592,31
2026-03-02,Google Ads,ga_brand,31.44,653,23
2026-03-02,Google Ads,ga_search_english_course,29.87,467,16
2026-03-02,Google Ads,ga_competitor,43.48,980,30
2026-03-02,Telegram,tg_channel_post,17.83,1749,42
2026-03-02,Telegram,tg_community_native,14.07,1090,22
2026-03-02,Telegram,tg_webinar_invite,13.89,1250,27
2026-03-02,Partner Referral,partner_blog,10.67,877,12
2026-03-02,Partner Referral,partner_hr_benefit,8,991,13
2026-03-02,Partner Referral,partner_creator,13.15,1440,18
2026-03-03,Instagram,ig_reels_beginner,34.16,4531,42
2026-03-03,Instagram,ig_story_discount,24.89,3417,43
2026-03-03,Instagram,ig_lookalike_students,27.46,3100,38
2026-03-03,TikTok,tt_viral_test,42.62,3130,71
2026-03-03,TikTok,tt_short_lessons,25.94,1880,38
2026-03-03,TikTok,tt_discount_challenge,29.08,1738,37
2026-03-03,YouTube,yt_pre_roll,28.08,4346,37
2026-03-03,YouTube,yt_teacher_expert,33.26,4637,36
2026-03-03,YouTube,yt_long_form,27.79,4214,32
2026-03-03,Google Ads,ga_brand,48.77,1052,35
2026-03-03,Google Ads,ga_search_english_course,29.73,586,21
2026-03-03,Google Ads,ga_competitor,31.48,807,33
2026-03-03,Telegram,tg_channel_post,21.0,1601,38
2026-03-03,Telegram,tg_community_native,17.31,2072,38
2026-03-03,Telegram,tg_webinar_invite,14.88,919,22
2026-03-03,Partner Referral,partner_blog,11.41,559,11
2026-03-03,Partner Referral,partner_hr_benefit,10.99,891,15
2026-03-03,Partner Referral,partner_creator,10.81,781,13
2026-03-04,Instagram,ig_reels_beginner,34.0,6596,45
2026-03-04,Instagram,ig_story_discount,24.7,2589,33
2026-03-04,Instagram,ig_lookalike_students,30.89,3360,33
2026-03-04,TikTok,tt_viral_test,54.45,8785,90
2026-03-04,TikTok,tt_short_lessons,38.27,3685,52
2026-03-04,TikTok,tt_discount_challenge,38.71,4623,64
2026-03-04,YouTube,yt_pre_roll,29.52,3474,26
2026-03-04,YouTube,yt_teacher_expert,32.02,2454,22
2026-03-04,YouTube,yt_long_form,27.89,2333,25
2026-03-04,Google Ads,ga_brand,38.23,919,26
2026-03-04,Google Ads,ga_search_english_course,57.2,905,40
2026-03-04,Google Ads,ga_competitor,55.75,1562,36
2026-03-04,Telegram,tg_channel_post,18.04,983,28
2026-03-04,Telegram,tg_community_native,12.14,1633,34
2026-03-04,Telegram,tg_webinar_invite,11.32,921,21
2026-03-04,Partner Referral,partner_blog,8,537,9
2026-03-04,Partner Referral,partner_hr_benefit,12.54,1386,21
2026-03-04,Partner Referral,partner_creator,12.03,851,17
2026-03-05,Instagram,ig_reels_beginner,15.42,3368,36
2026-03-05,Instagram,ig_story_discount,31.67,5248,36
2026-03-05,Instagram,ig_lookalike_students,16.02,1008,14
2026-03-05,TikTok,tt_viral_test,37.97,3284,66
2026-03-05,TikTok,tt_short_lessons,39.23,2786,56
2026-03-05,TikTok,tt_discount_challenge,33.86,2802,66
2026-03-05,YouTube,yt_pre_roll,26.16,2076,17
2026-03-05,YouTube,yt_teacher_expert,27.17,3296,29
2026-03-05,YouTube,yt_long_form,32.57,2649,34
2026-03-05,Google Ads,ga_brand,53.28,1077,36
2026-03-05,Google Ads,ga_search_english_course,35.07,747,22
2026-03-05,Google Ads,ga_competitor,38.67,845,26
2026-03-05,Telegram,tg_channel_post,10.05,924,20
2026-03-05,Telegram,tg_community_native,18.17,2249,39
2026-03-05,Telegram,tg_webinar_invite,17.94,1530,29
2026-03-05,Partner Referral,partner_blog,13.69,1247,27
2026-03-05,Partner Referral,partner_hr_benefit,8.26,1082,11
2026-03-05,Partner Referral,partner_creator,15.95,966,18
2026-03-06,Instagram,ig_reels_beginner,18.94,1636,22
2026-03-06,Instagram,ig_story_discount,27.86,2791,30
2026-03-06,Instagram,ig_lookalike_students,27.78,4121,38
2026-03-06,TikTok,tt_viral_test,36.87,3936,75
2026-03-06,TikTok,tt_short_lessons,29.05,2296,45
2026-03-06,TikTok,tt_discount_challenge,50.43,4760,91
2026-03-06,YouTube,yt_pre_roll,28.76,3147,28
2026-03-06,YouTube,yt_teacher_expert,36.71,4428,37
2026-03-06,YouTube,yt_long_form,31.44,3121,36
2026-03-06,Google Ads,ga_brand,36.81,851,24
2026-03-06,Google Ads,ga_search_english_course,43.94,1309,46
2026-03-06,Google Ads,ga_competitor,51.25,789,26
2026-03-06,Telegram,tg_channel_post,15.95,1426,31
2026-03-06,Telegram,tg_community_native,14.36,1028,23
2026-03-06,Telegram,tg_webinar_invite,17.22,1141,28
2026-03-06,Partner Referral,partner_blog,11.21,832,14
2026-03-06,Partner Referral,partner_hr_benefit,14.64,1277,20
2026-03-06,Partner Referral,partner_creator,12.51,877,13
2026-03-07,Instagram,ig_reels_beginner,47.45,4881,47
2026-03-07,Instagram,ig_story_discount,33.33,3793,37
2026-03-07,Instagram,ig_lookalike_students,40.46,4959,68
2026-03-07,TikTok,tt_viral_test,29.29,1861,35
2026-03-07,TikTok,tt_short_lessons,55.67,5544,92
2026-03-07,TikTok,tt_discount_challenge,40.44,3083,54
2026-03-07,YouTube,yt_pre_roll,16.68,2229,16
2026-03-07,YouTube,yt_teacher_expert,39.28,5295,43
2026-03-07,YouTube,yt_long_form,33.51,2200,25
2026-03-07,Google Ads,ga_brand,38.38,813,27
2026-03-07,Google Ads,ga_search_english_course,42.42,758,26
2026-03-07,Google Ads,ga_competitor,46.82,1098,33
2026-03-07,Telegram,tg_channel_post,11.74,2062,21
2026-03-07,Telegram,tg_community_native,11.26,975,15
2026-03-07,Telegram,tg_webinar_invite,12.3,1436,25
2026-03-07,Partner Referral,partner_blog,8,699,14
2026-03-07,Partner Referral,partner_hr_benefit,10.08,779,12
2026-03-07,Partner Referral,partner_creator,8.71,663,10
2026-03-08,Instagram,ig_reels_beginner,28.65,1576,27
2026-03-08,Instagram,ig_story_discount,45.64,5310,56
2026-03-08,Instagram,ig_lookalike_students,38.91,5108,62
2026-03-08,TikTok,tt_viral_test,41.45,3254,56
2026-03-08,TikTok,tt_short_lessons,36.22,3214,49
2026-03-08,TikTok,tt_discount_challenge,24.92,2958,43
2026-03-08,YouTube,yt_pre_roll,47.76,5839,37
2026-03-08,YouTube,yt_teacher_expert,30.99,4953,48
2026-03-08,YouTube,yt_long_form,11.58,1772,10
2026-03-08,Google Ads,ga_brand,42.19,860,24
2026-03-08,Google Ads,ga_search_english_course,50.25,1134,56
2026-03-08,Google Ads,ga_competitor,26.04,576,20
2026-03-08,Telegram,tg_channel_post,13.0,1022,23
2026-03-08,Telegram,tg_community_native,18.65,1835,29
2026-03-08,Telegram,tg_webinar_invite,19.21,2322,43
2026-03-08,Partner Referral,partner_blog,13.74,1202,16
2026-03-08,Partner Referral,partner_hr_benefit,10.25,741,11
2026-03-08,Partner Referral,partner_creator,9.14,632,12
2026-03-09,Instagram,ig_reels_beginner,29.32,2003,28
2026-03-09,Instagram,ig_story_discount,32.91,5238,48
2026-03-09,Instagram,ig_lookalike_students,28.88,2340,28
2026-03-09,TikTok,tt_viral_test,43.75,2923,56
2026-03-09,TikTok,tt_short_lessons,36.39,2413,44
2026-03-09,TikTok,tt_discount_challenge,46.08,4219,75
2026-03-09,YouTube,yt_pre_roll,26.86,3679,33
2026-03-09,YouTube,yt_teacher_expert,19.77,1767,18
2026-03-09,YouTube,yt_long_form,24.34,2199,24
2026-03-09,Google Ads,ga_brand,41.6,991,27
2026-03-09,Google Ads,ga_search_english_course,41.52,731,29
2026-03-09,Google Ads,ga_competitor,37.84,798,30
2026-03-09,Telegram,tg_channel_post,16.29,925,24
2026-03-09,Telegram,tg_community_native,13.02,798,21
2026-03-09,Telegram,tg_webinar_invite,15.07,1173,22
2026-03-09,Partner Referral,partner_blog,15.65,893,15
2026-03-09,Partner Referral,partner_hr_benefit,11.9,1041,16
2026-03-09,Partner Referral,partner_creator,13.4,944,13
2026-03-10,Instagram,ig_reels_beginner,30.29,2645,35
2026-03-10,Instagram,ig_story_discount,26.83,3289,28
2026-03-10,Instagram,ig_lookalike_students,33.02,2790,44
2026-03-10,TikTok,tt_viral_test,40.42,2809,58
2026-03-10,TikTok,tt_short_lessons,37.89,3245,50
2026-03-10,TikTok,tt_discount_challenge,30.35,2205,46
2026-03-10,YouTube,yt_pre_roll,24.34,3065,20
2026-03-10,YouTube,yt_teacher_expert,32.56,2237,20
2026-03-10,YouTube,yt_long_form,23.12,1759,18
2026-03-10,Google Ads,ga_brand,41.44,887,26
2026-03-10,Google Ads,ga_search_english_course,23.71,589,15
2026-03-10,Google Ads,ga_competitor,35.73,532,20
2026-03-10,Telegram,tg_channel_post,16.05,1889,40
2026-03-10,Telegram,tg_community_native,12.31,1064,21
2026-03-10,Telegram,tg_webinar_invite,16.76,1419,28
2026-03-10,Partner Referral,partner_blog,11.72,1100,15
2026-03-10,Partner Referral,partner_hr_benefit,13.27,2208,19
2026-03-10,Partner Referral,partner_creator,16.09,1039,22
2026-03-11,Instagram,ig_reels_beginner,20.75,1844,23
2026-03-11,Instagram,ig_story_discount,34.17,2358,39
2026-03-11,Instagram,ig_lookalike_students,25.37,2246,28
2026-03-11,TikTok,tt_viral_test,43.6,4101,63
2026-03-11,TikTok,tt_short_lessons,34.16,5653,68
2026-03-11,TikTok,tt_discount_challenge,28.17,1795,34
2026-03-11,YouTube,yt_pre_roll,22.49,1933,16
2026-03-11,YouTube,yt_teacher_expert,25.25,1770,17
2026-03-11,YouTube,yt_long_form,34.56,4053,30
2026-03-11,Google Ads,ga_brand,38.62,874,26
2026-03-11,Google Ads,ga_search_english_course,54.64,1069,31
2026-03-11,Google Ads,ga_competitor,27.37,491,17
2026-03-11,Telegram,tg_channel_post,17.82,1231,24
2026-03-11,Telegram,tg_community_native,15.87,1218,28
2026-03-11,Telegram,tg_webinar_invite,16.4,1467,25
2026-03-11,Partner Referral,partner_blog,14.45,1499,22
2026-03-11,Partner Referral,partner_hr_benefit,9.8,793,17
2026-03-11,Partner Referral,partner_creator,10.48,718,13
2026-03-12,Instagram,ig_reels_beginner,29.11,2350,34
2026-03-12,Instagram,ig_story_discount,26.09,2148,25
2026-03-12,Instagram,ig_lookalike_students,31.83,2813,36
2026-03-12,TikTok,tt_viral_test,28.9,2952,49
2026-03-12,TikTok,tt_short_lessons,45.03,3695,70
2026-03-12,TikTok,tt_discount_challenge,37.22,3586,67
2026-03-12,YouTube,yt_pre_roll,19.61,2866,18
2026-03-12,YouTube,yt_teacher_expert,31.97,3592,32
2026-03-12,YouTube,yt_long_form,33.1,2926,29
2026-03-12,Google Ads,ga_brand,33.13,431,20
2026-03-12,Google Ads,ga_search_english_course,36.59,833,22
2026-03-12,Google Ads,ga_competitor,24.05,542,14
2026-03-12,Telegram,tg_channel_post,11.07,1002,19
2026-03-12,Telegram,tg_community_native,13.59,1232,21
2026-03-12,Telegram,tg_webinar_invite,16.04,1752,33
2026-03-12,Partner Referral,partner_blog,9.48,743,11
2026-03-12,Partner Referral,partner_hr_benefit,14.24,1342,20
2026-03-12,Partner Referral,partner_creator,9.39,1449,16
2026-03-13,Instagram,ig_reels_beginner,49.95,4956,71
2026-03-13,Instagram,ig_story_discount,24.63,4699,36
2026-03-13,Instagram,ig_lookalike_students,38.78,2266,45
2026-03-13,TikTok,tt_viral_test,40.67,3476,62
2026-03-13,TikTok,tt_short_lessons,31.21,2406,57
2026-03-13,TikTok,tt_discount_challenge,37.07,3119,66
2026-03-13,YouTube,yt_pre_roll,26.86,2791,25
2026-03-13,YouTube,yt_teacher_expert,24.67,2816,19
2026-03-13,YouTube,yt_long_form,35.19,5323,37
2026-03-13,Google Ads,ga_brand,32.9,713,25
2026-03-13,Google Ads,ga_search_english_course,55.83,1219,42
2026-03-13,Google Ads,ga_competitor,45.69,1046,28
2026-03-13,Telegram,tg_channel_post,14.98,1229,26
2026-03-13,Telegram,tg_community_native,18.55,1807,35
2026-03-13,Telegram,tg_webinar_invite,11.4,636,16
2026-03-13,Partner Referral,partner_blog,8,837,11
2026-03-13,Partner Referral,partner_hr_benefit,12.33,841,15
2026-03-13,Partner Referral,partner_creator,8.98,748,12
2026-03-14,Instagram,ig_reels_beginner,41.17,3699,49
2026-03-14,Instagram,ig_story_discount,35.05,1965,29
2026-03-14,Instagram,ig_lookalike_students,35.86,2393,40
2026-03-14,TikTok,tt_viral_test,41.79,3596,62
2026-03-14,TikTok,tt_short_lessons,48.76,3790,85
2026-03-14,TikTok,tt_discount_challenge,30.68,2319,43
2026-03-14,YouTube,yt_pre_roll,47.98,6074,47
2026-03-14,YouTube,yt_teacher_expert,39.83,4755,37
2026-03-14,YouTube,yt_long_form,24.86,2277,23
2026-03-14,Google Ads,ga_brand,29.37,644,17
2026-03-14,Google Ads,ga_search_english_course,25.57,586,18
2026-03-14,Google Ads,ga_competitor,53.86,1482,41
2026-03-14,Telegram,tg_channel_post,13.47,989,24
2026-03-14,Telegram,tg_community_native,11.82,1518,33
2026-03-14,Telegram,tg_webinar_invite,16.51,915,25
2026-03-14,Partner Referral,partner_blog,16.2,1525,18
2026-03-14,Partner Referral,partner_hr_benefit,12.46,1460,17
2026-03-14,Partner Referral,partner_creator,15.99,1369,24
2026-03-15,Instagram,ig_reels_beginner,26.39,3414,28
2026-03-15,Instagram,ig_story_discount,32.52,2956,41
2026-03-15,Instagram,ig_lookalike_students,36.94,4734,42
2026-03-15,TikTok,tt_viral_test,41.15,6258,69
2026-03-15,TikTok,tt_short_lessons,29.15,3449,61
2026-03-15,TikTok,tt_discount_challenge,53.09,4976,107
2026-03-15,YouTube,yt_pre_roll,25.52,1963,18
2026-03-15,YouTube,yt_teacher_expert,24.02,1933,23
2026-03-15,YouTube,yt_long_form,42.96,5665,50
2026-03-15,Google Ads,ga_brand,29.52,504,18
2026-03-15,Google Ads,ga_search_english_course,33.91,646,21
2026-03-15,Google Ads,ga_competitor,47.89,1348,49
2026-03-15,Telegram,tg_channel_post,12.42,1080,24
2026-03-15,Telegram,tg_community_native,10.63,1455,17
2026-03-15,Telegram,tg_webinar_invite,12.99,1652,21
2026-03-15,Partner Referral,partner_blog,11.32,1421,21
2026-03-15,Partner Referral,partner_hr_benefit,10.23,1038,16
2026-03-15,Partner Referral,partner_creator,9.53,1023,12
2026-03-16,Instagram,ig_reels_beginner,22.31,3019,26
2026-03-16,Instagram,ig_story_discount,39.67,3974,62
2026-03-16,Instagram,ig_lookalike_students,33.41,4757,36
2026-03-16,TikTok,tt_viral_test,41.78,6032,69
2026-03-16,TikTok,tt_short_lessons,36.78,2685,47
2026-03-16,TikTok,tt_discount_challenge,35.67,2614,50
2026-03-16,YouTube,yt_pre_roll,25.45,1777,20
2026-03-16,YouTube,yt_teacher_expert,27.51,2337,27
2026-03-16,YouTube,yt_long_form,16.86,994,12
2026-03-16,Google Ads,ga_brand,32.0,525,19
2026-03-16,Google Ads,ga_search_english_course,43.67,701,24
2026-03-16,Google Ads,ga_competitor,27.46,650,21
2026-03-16,Telegram,tg_channel_post,13.47,761,22
2026-03-16,Telegram,tg_community_native,10.59,1084,18
2026-03-16,Telegram,tg_webinar_invite,14.54,815,20
2026-03-16,Partner Referral,partner_blog,11.95,1640,14
2026-03-16,Partner Referral,partner_hr_benefit,14.64,1386,19
2026-03-16,Partner Referral,partner_creator,9.33,748,12
2026-03-17,Instagram,ig_reels_beginner,28.7,1923,28
2026-03-17,Instagram,ig_story_discount,36.05,2910,43
2026-03-17,Instagram,ig_lookalike_students,41.01,4046,56
2026-03-17,TikTok,tt_viral_test,38.93,3403,73
2026-03-17,TikTok,tt_short_lessons,38.55,4725,74
2026-03-17,TikTok,tt_discount_challenge,31.58,3865,42
2026-03-17,YouTube,yt_pre_roll,33.32,7618,53
2026-03-17,YouTube,yt_teacher_expert,32.0,2852,25
2026-03-17,YouTube,yt_long_form,16.8,1471,11
2026-03-17,Google Ads,ga_brand,28.57,631,17
2026-03-17,Google Ads,ga_search_english_course,28.73,602,20
2026-03-17,Google Ads,ga_competitor,31.91,425,14
2026-03-17,Telegram,tg_channel_post,14.94,2084,29
2026-03-17,Telegram,tg_community_native,14.9,1096,24
2026-03-17,Telegram,tg_webinar_invite,11.87,1068,20
2026-03-17,Partner Referral,partner_blog,14.21,1145,19
2026-03-17,Partner Referral,partner_hr_benefit,9.29,1064,14
2026-03-17,Partner Referral,partner_creator,10.76,1713,22
2026-03-18,Instagram,ig_reels_beginner,31.62,2927,49
2026-03-18,Instagram,ig_story_discount,27.13,3565,35
2026-03-18,Instagram,ig_lookalike_students,13.7,993,17
2026-03-18,TikTok,tt_viral_test,21.22,2725,45
2026-03-18,TikTok,tt_short_lessons,40.09,4602,63
2026-03-18,TikTok,tt_discount_challenge,47.14,5959,98
2026-03-18,YouTube,yt_pre_roll,33.33,2950,27
2026-03-18,YouTube,yt_teacher_expert,30.12,3005,28
2026-03-18,YouTube,yt_long_form,25.23,2850,24
2026-03-18,Google Ads,ga_brand,34.18,548,22
2026-03-18,Google Ads,ga_search_english_course,40.52,683,22
2026-03-18,Google Ads,ga_competitor,40.56,1039,29
2026-03-18,Telegram,tg_channel_post,11.66,917,22
2026-03-18,Telegram,tg_community_native,19.21,1442,28
2026-03-18,Telegram,tg_webinar_invite,11.96,1320,25
2026-03-18,Partner Referral,partner_blog,17.61,2294,33
2026-03-18,Partner Referral,partner_hr_benefit,9.27,1009,11
2026-03-18,Partner Referral,partner_creator,14.08,917,19
2026-03-19,Instagram,ig_reels_beginner,30.55,2842,35
2026-03-19,Instagram,ig_story_discount,37.86,2976,39
2026-03-19,Instagram,ig_lookalike_students,29.7,3654,42
2026-03-19,TikTok,tt_viral_test,42.95,4958,71
2026-03-19,TikTok,tt_short_lessons,36.36,4142,56
2026-03-19,TikTok,tt_discount_challenge,39.04,5123,61
2026-03-19,YouTube,yt_pre_roll,28.95,4370,34
2026-03-19,YouTube,yt_teacher_expert,30.19,4637,35
2026-03-19,YouTube,yt_long_form,18.95,2379,17
2026-03-19,Google Ads,ga_brand,37.07,822,23
2026-03-19,Google Ads,ga_search_english_course,33.06,1058,24
2026-03-19,Google Ads,ga_competitor,37.85,642,30
2026-03-19,Telegram,tg_channel_post,11.62,681,18
2026-03-19,Telegram,tg_community_native,14.54,1503,27
2026-03-19,Telegram,tg_webinar_invite,16.09,1925,34
2026-03-19,Partner Referral,partner_blog,12.52,766,14
2026-03-19,Partner Referral,partner_hr_benefit,13.14,1526,17
2026-03-19,Partner Referral,partner_creator,14.81,2065,19
2026-03-20,Instagram,ig_reels_beginner,41.06,4860,55
2026-03-20,Instagram,ig_story_discount,46.34,4629,63
2026-03-20,Instagram,ig_lookalike_students,37.99,3337,44
2026-03-20,TikTok,tt_viral_test,35.61,2864,51
2026-03-20,TikTok,tt_short_lessons,45.7,2777,59
2026-03-20,TikTok,tt_discount_challenge,46.13,10295,104
2026-03-20,YouTube,yt_pre_roll,25.34,3090,25
2026-03-20,YouTube,yt_teacher_expert,27.08,2662,22
2026-03-20,YouTube,yt_long_form,30.22,2869,22
2026-03-20,Google Ads,ga_brand,37.51,647,20
2026-03-20,Google Ads,ga_search_english_course,49.73,1165,31
2026-03-20,Google Ads,ga_competitor,40.38,858,23
2026-03-20,Telegram,tg_channel_post,13.19,828,20
2026-03-20,Telegram,tg_community_native,15.82,1236,32
2026-03-20,Telegram,tg_webinar_invite,12.16,1922,34
2026-03-20,Partner Referral,partner_blog,15.61,2127,24
2026-03-20,Partner Referral,partner_hr_benefit,9.38,1509,17
2026-03-20,Partner Referral,partner_creator,14.99,1673,25
2026-03-21,Instagram,ig_reels_beginner,50.34,6065,58
2026-03-21,Instagram,ig_story_discount,47.11,3557,49
2026-03-21,Instagram,ig_lookalike_students,34.4,4548,54
2026-03-21,TikTok,tt_viral_test,49.27,5330,88
2026-03-21,TikTok,tt_short_lessons,36.49,3759,55
2026-03-21,TikTok,tt_discount_challenge,44.0,2189,52
2026-03-21,YouTube,yt_pre_roll,23.48,1712,16
2026-03-21,YouTube,yt_teacher_expert,28.32,2449,23
2026-03-21,YouTube,yt_long_form,41.08,5322,38
2026-03-21,Google Ads,ga_brand,43.4,730,26
2026-03-21,Google Ads,ga_search_english_course,47.42,1030,31
2026-03-21,Google Ads,ga_competitor,37.14,711,22
2026-03-21,Telegram,tg_channel_post,15.65,1488,28
2026-03-21,Telegram,tg_community_native,17.69,1273,29
2026-03-21,Telegram,tg_webinar_invite,18.01,1673,38
2026-03-21,Partner Referral,partner_blog,12.0,945,16
2026-03-21,Partner Referral,partner_hr_benefit,12.31,1485,14
2026-03-21,Partner Referral,partner_creator,9.69,969,15
2026-03-22,Instagram,ig_reels_beginner,33.23,3102,44
2026-03-22,Instagram,ig_story_discount,25.52,2654,30
2026-03-22,Instagram,ig_lookalike_students,33.56,2948,35
2026-03-22,TikTok,tt_viral_test,42.01,2187,45
2026-03-22,TikTok,tt_short_lessons,46.16,4054,97
2026-03-22,TikTok,tt_discount_challenge,50.24,3647,69
2026-03-22,YouTube,yt_pre_roll,34.65,3301,29
2026-03-22,YouTube,yt_teacher_expert,40.48,4884,31
2026-03-22,YouTube,yt_long_form,40.81,4467,41
2026-03-22,Google Ads,ga_brand,31.7,872,25
2026-03-22,Google Ads,ga_search_english_course,41.16,754,27
2026-03-22,Google Ads,ga_competitor,51.03,1515,59
2026-03-22,Telegram,tg_channel_post,15.73,1275,32
2026-03-22,Telegram,tg_community_native,12.78,901,22
2026-03-22,Telegram,tg_webinar_invite,18.12,3299,40
2026-03-22,Partner Referral,partner_blog,12.38,1186,16
2026-03-22,Partner Referral,partner_hr_benefit,12.66,1178,16
2026-03-22,Partner Referral,partner_creator,10.83,932,13
2026-03-23,Instagram,ig_reels_beginner,22.85,2092,23
2026-03-23,Instagram,ig_story_discount,41.58,3163,46
2026-03-23,Instagram,ig_lookalike_students,28.54,2095,28
2026-03-23,TikTok,tt_viral_test,35.69,2980,58
2026-03-23,TikTok,tt_short_lessons,41.27,3208,60
2026-03-23,TikTok,tt_discount_challenge,31.84,3073,60
2026-03-23,YouTube,yt_pre_roll,30.72,3249,30
2026-03-23,YouTube,yt_teacher_expert,30.86,3242,32
2026-03-23,YouTube,yt_long_form,21.86,1959,20
2026-03-23,Google Ads,ga_brand,47.67,966,34
2026-03-23,Google Ads,ga_search_english_course,35.36,630,23
2026-03-23,Google Ads,ga_competitor,42.19,1233,33
2026-03-23,Telegram,tg_channel_post,18.4,1490,31
2026-03-23,Telegram,tg_community_native,15.38,1299,24
2026-03-23,Telegram,tg_webinar_invite,14.93,2133,41
2026-03-23,Partner Referral,partner_blog,9.14,983,15
2026-03-23,Partner Referral,partner_hr_benefit,14.53,1185,19
2026-03-23,Partner Referral,partner_creator,12.12,730,14
2026-03-24,Instagram,ig_reels_beginner,35.45,2673,38
2026-03-24,Instagram,ig_story_discount,23.48,3807,23
2026-03-24,Instagram,ig_lookalike_students,22.22,2009,21
2026-03-24,TikTok,tt_viral_test,34.04,3668,57
2026-03-24,TikTok,tt_short_lessons,31.34,4655,57
2026-03-24,TikTok,tt_discount_challenge,34.23,7120,64
2026-03-24,YouTube,yt_pre_roll,32.8,4048,34
2026-03-24,YouTube,yt_teacher_expert,28.69,3146,30
2026-03-24,YouTube,yt_long_form,30.16,2924,25
2026-03-24,Google Ads,ga_brand,39.61,703,27
2026-03-24,Google Ads,ga_search_english_course,38.62,589,20
2026-03-24,Google Ads,ga_competitor,27.91,937,21
2026-03-24,Telegram,tg_channel_post,13.36,1108,25
2026-03-24,Telegram,tg_community_native,15.27,2170,26
2026-03-24,Telegram,tg_webinar_invite,13.75,1532,21
2026-03-24,Partner Referral,partner_blog,11.54,690,12
2026-03-24,Partner Referral,partner_hr_benefit,12.6,1036,14
2026-03-24,Partner Referral,partner_creator,13.12,1016,15
2026-03-25,Instagram,ig_reels_beginner,30.43,2629,30
2026-03-25,Instagram,ig_story_discount,23.89,2063,30
2026-03-25,Instagram,ig_lookalike_students,30.35,2538,36
2026-03-25,TikTok,tt_viral_test,21.0,1215,27
2026-03-25,TikTok,tt_short_lessons,35.92,3659,48
2026-03-25,TikTok,tt_discount_challenge,40.3,2343,54
2026-03-25,YouTube,yt_pre_roll,44.55,4371,39
2026-03-25,YouTube,yt_teacher_expert,30.54,3329,25
2026-03-25,YouTube,yt_long_form,25.65,4668,30
2026-03-25,Google Ads,ga_brand,35.75,1049,21
2026-03-25,Google Ads,ga_search_english_course,50.85,1536,39
2026-03-25,Google Ads,ga_competitor,36.03,1003,36
2026-03-25,Telegram,tg_channel_post,11.87,909,22
2026-03-25,Telegram,tg_community_native,17.03,1495,32
2026-03-25,Telegram,tg_webinar_invite,11.95,1183,24
2026-03-25,Partner Referral,partner_blog,8,780,10
2026-03-25,Partner Referral,partner_hr_benefit,11.75,909,16
2026-03-25,Partner Referral,partner_creator,12.5,1091,21
2026-03-26,Instagram,ig_reels_beginner,35.56,3118,38
2026-03-26,Instagram,ig_story_discount,25.76,2707,30
2026-03-26,Instagram,ig_lookalike_students,11.77,2094,20
2026-03-26,TikTok,tt_viral_test,44.82,3076,58
2026-03-26,TikTok,tt_short_lessons,41.92,4288,91
2026-03-26,TikTok,tt_discount_challenge,38.67,4987,65
2026-03-26,YouTube,yt_pre_roll,39.66,3697,42
2026-03-26,YouTube,yt_teacher_expert,13.04,1194,12
2026-03-26,YouTube,yt_long_form,32.12,4869,35
2026-03-26,Google Ads,ga_brand,25.24,384,12
2026-03-26,Google Ads,ga_search_english_course,46.84,986,32
2026-03-26,Google Ads,ga_competitor,41.26,1274,38
2026-03-26,Telegram,tg_channel_post,10.72,842,17
2026-03-26,Telegram,tg_community_native,11.45,1684,29
2026-03-26,Telegram,tg_webinar_invite,10.28,554,16
2026-03-26,Partner Referral,partner_blog,11.01,1606,17
2026-03-26,Partner Referral,partner_hr_benefit,12.06,1457,17
2026-03-26,Partner Referral,partner_creator,10.51,972,11
2026-03-27,Instagram,ig_reels_beginner,38.89,3168,43
2026-03-27,Instagram,ig_story_discount,28.27,3122,29
2026-03-27,Instagram,ig_lookalike_students,34.85,4729,38
2026-03-27,TikTok,tt_viral_test,30.21,2085,41
2026-03-27,TikTok,tt_short_lessons,41.75,2960,64
2026-03-27,TikTok,tt_discount_challenge,45.98,5852,83
2026-03-27,YouTube,yt_pre_roll,21.6,1961,15
2026-03-27,YouTube,yt_teacher_expert,20.02,2654,26
2026-03-27,YouTube,yt_long_form,34.82,3712,42
2026-03-27,Google Ads,ga_brand,46.65,1286,44
2026-03-27,Google Ads,ga_search_english_course,21.86,388,15
2026-03-27,Google Ads,ga_competitor,46.69,1161,42
2026-03-27,Telegram,tg_channel_post,14.33,2033,42
2026-03-27,Telegram,tg_community_native,15.74,1512,32
2026-03-27,Telegram,tg_webinar_invite,13.16,1249,19
2026-03-27,Partner Referral,partner_blog,14.59,3647,24
2026-03-27,Partner Referral,partner_hr_benefit,12.27,1546,18
2026-03-27,Partner Referral,partner_creator,15.41,1909,16
2026-03-28,Instagram,ig_reels_beginner,30.69,1989,32
2026-03-28,Instagram,ig_story_discount,28.17,2460,26
2026-03-28,Instagram,ig_lookalike_students,38.08,4894,62
2026-03-28,TikTok,tt_viral_test,29.7,2590,49
2026-03-28,TikTok,tt_short_lessons,36.1,2799,50
2026-03-28,TikTok,tt_discount_challenge,23.09,2653,38
2026-03-28,YouTube,yt_pre_roll,25.87,2269,22
2026-03-28,YouTube,yt_teacher_expert,35.19,2387,26
2026-03-28,YouTube,yt_long_form,31.99,2162,24
2026-03-28,Google Ads,ga_brand,38.73,1066,30
2026-03-28,Google Ads,ga_search_english_course,60.12,1770,43
2026-03-28,Google Ads,ga_competitor,21.64,582,16
2026-03-28,Telegram,tg_channel_post,11.9,1328,22
2026-03-28,Telegram,tg_community_native,12.31,1197,22
2026-03-28,Telegram,tg_webinar_invite,15.55,1151,27
2026-03-28,Partner Referral,partner_blog,12.5,2107,19
2026-03-28,Partner Referral,partner_hr_benefit,8.66,547,10
2026-03-28,Partner Referral,partner_creator,15.43,1199,19
2026-03-29,Instagram,ig_reels_beginner,25.67,2099,27
2026-03-29,Instagram,ig_story_discount,41.26,4854,51
2026-03-29,Instagram,ig_lookalike_students,45.96,4546,47
2026-03-29,TikTok,tt_viral_test,43.04,3529,75
2026-03-29,TikTok,tt_short_lessons,53.32,3982,69
2026-03-29,TikTok,tt_discount_challenge,31.74,2358,50
2026-03-29,YouTube,yt_pre_roll,28.9,2325,22
2026-03-29,YouTube,yt_teacher_expert,36.0,6106,38
2026-03-29,YouTube,yt_long_form,37.86,4312,35
2026-03-29,Google Ads,ga_brand,39.89,1112,33
2026-03-29,Google Ads,ga_search_english_course,47.17,1313,40
2026-03-29,Google Ads,ga_competitor,48.17,1218,42
2026-03-29,Telegram,tg_channel_post,15.88,1335,26
2026-03-29,Telegram,tg_community_native,14.35,1760,30
2026-03-29,Telegram,tg_webinar_invite,11.07,623,14
2026-03-29,Partner Referral,partner_blog,8.46,557,11
2026-03-29,Partner Referral,partner_hr_benefit,13.05,1314,20
2026-03-29,Partner Referral,partner_creator,8,587,13
2026-03-30,Instagram,ig_reels_beginner,27.28,5275,39
2026-03-30,Instagram,ig_story_discount,31.4,2468,32
2026-03-30,Instagram,ig_lookalike_students,33.05,3258,37
2026-03-30,TikTok,tt_viral_test,43.15,3519,74
2026-03-30,TikTok,tt_short_lessons,24.23,1863,39
2026-03-30,TikTok,tt_discount_challenge,39.69,3417,81
2026-03-30,YouTube,yt_pre_roll,38.73,2411,25
2026-03-30,YouTube,yt_teacher_expert,35.58,5163,45
2026-03-30,YouTube,yt_long_form,31.5,2253,23
2026-03-30,Google Ads,ga_brand,32.38,669,25
2026-03-30,Google Ads,ga_search_english_course,45.0,1032,34
2026-03-30,Google Ads,ga_competitor,43.85,1620,47
2026-03-30,Telegram,tg_channel_post,17.3,2629,60
2026-03-30,Telegram,tg_community_native,11.16,887,22
2026-03-30,Telegram,tg_webinar_invite,15.13,1177,31
2026-03-30,Partner Referral,partner_blog,9.95,639,13
2026-03-30,Partner Referral,partner_hr_benefit,15.45,1079,18
2026-03-30,Partner Referral,partner_creator,11.81,1427,22
2026-03-31,Instagram,ig_reels_beginner,20.91,2467,23
2026-03-31,Instagram,ig_story_discount,40.3,2320,38
2026-03-31,Instagram,ig_lookalike_students,42.87,3883,50
2026-03-31,TikTok,tt_viral_test,27.56,2545,37
2026-03-31,TikTok,tt_short_lessons,22.11,2983,49
2026-03-31,TikTok,tt_discount_challenge,32.32,1807,43
2026-03-31,YouTube,yt_pre_roll,25.08,5232,25
2026-03-31,YouTube,yt_teacher_expert,33.26,2763,29
2026-03-31,YouTube,yt_long_form,19.49,1652,17
2026-03-31,Google Ads,ga_brand,44.62,1466,47
2026-03-31,Google Ads,ga_search_english_course,37.41,634,22
2026-03-31,Google Ads,ga_competitor,41.27,772,24
2026-03-31,Telegram,tg_channel_post,18.69,2184,49
2026-03-31,Telegram,tg_community_native,16.8,1581,28
2026-03-31,Telegram,tg_webinar_invite,13.48,774,20
2026-03-31,Partner Referral,partner_blog,16.5,1172,16
2026-03-31,Partner Referral,partner_hr_benefit,10.6,1054,12
2026-03-31,Partner Referral,partner_creator,14.25,847,16
